timestamp,banco,cambio,monto,compras
2026-06-26,banco_bisa,8.5,22524,12
2026-06-26,banco_bisa,9.0,82783,37
2026-06-26,banco_bisa,9.15,14965,1
2026-06-26,banco_bisa,9.2,249965,1
2026-06-26,banco_bisa,9.5,43654,5
2026-06-26,banco_bisa,9.6,220425,3
2026-06-26,banco_bisa,9.65,5507,1
2026-06-26,banco_bisa,9.7,14864,7
2026-06-26,banco_bisa,9.715,60000,1
2026-06-26,banco_bisa,9.75,146317,8
2026-06-26,banco_bisa,9.76,1054,1
2026-06-26,banco_bisa,9.78,591315,3
2026-06-26,banco_bisa,9.8,3717,3
2026-06-26,banco_bisa,9.81,500000,1
2026-06-26,banco_bisa,9.812,2000000,1
2026-06-26,banco_de_credito,9.1,2379,2
2026-06-26,banco_de_credito,9.5,19102,13
2026-06-26,banco_de_la_nacion_argentina,9.7,7425,1
2026-06-26,banco_economico,7.2,10107,4
2026-06-26,banco_economico,9.73,2000000,1
2026-06-26,banco_economico,9.76,40000,1
2026-06-26,banco_economico,9.8,1144025,4
2026-06-26,banco_economico,9.81,2000000,1
2026-06-26,banco_fortaleza,9.82,400000,1
2026-06-26,banco_ganadero,7.0,5743,5
2026-06-26,banco_ganadero,7.01,197,1
2026-06-26,banco_ganadero,8.0,5000,1
2026-06-26,banco_ganadero,9.32,107,1
2026-06-26,banco_ganadero,9.5,5005,1
2026-06-26,banco_ganadero,9.6,32733,63
2026-06-26,banco_ganadero,9.63,30465,1
2026-06-26,banco_ganadero,9.7,214200,71
2026-06-26,banco_ganadero,9.73,752803,2
2026-06-26,banco_ganadero,9.82,2000000,1
2026-06-26,banco_mercantil_santa_cruz,7.2,2901,2
2026-06-26,banco_mercantil_santa_cruz,7.5,13240,7
2026-06-26,banco_mercantil_santa_cruz,8.0,2000,1
2026-06-26,banco_mercantil_santa_cruz,8.4,1000,3
2026-06-26,banco_mercantil_santa_cruz,8.7,4834,1
2026-06-26,banco_mercantil_santa_cruz,8.85,478750,2
2026-06-26,banco_mercantil_santa_cruz,9.65,93295,2
2026-06-26,banco_mercantil_santa_cruz,9.74,54792,1
2026-06-26,banco_mercantil_santa_cruz,9.8,999857,2
2026-06-26,banco_mercantil_santa_cruz,9.81,1500000,1
2026-06-26,banco_nacional_de_bolivia,8.2,469,1
2026-06-26,banco_nacional_de_bolivia,9.75,1440000,1
2026-06-26,banco_solidario,7.5,5300,2
2026-06-26,banco_solidario,9.74,100000,2
2026-06-26,banco_union,9.05,650,2
2026-06-29,banco_bisa,9.7,410,2
2026-06-29,banco_bisa,9.72,507000,1
2026-06-29,banco_bisa,9.73,1500000,1
2026-06-29,banco_bisa,9.731,700000,1
2026-06-29,banco_de_credito,9.63,88037,11
2026-06-29,banco_de_credito,9.9,700,1
2026-06-29,banco_de_credito,9.99,9000,1
2026-06-29,banco_de_credito,10.07,1664,1
2026-06-29,banco_de_credito,10.11,296,1
2026-06-29,banco_de_la_nacion_argentina,9.63,8870,23
2026-06-29,banco_economico,9.73,86920,46
2026-06-29,banco_economico,9.8,330174,1
2026-06-29,banco_economico,9.91,1010,4
2026-06-29,banco_fie,9.73,105419,21
2026-06-29,banco_fortaleza,9.73,123435,9
2026-06-29,banco_ganadero,9.63,438730,253
2026-06-29,banco_ganadero,9.7,300885,73
2026-06-29,banco_ganadero,9.72,13752,16
2026-06-29,banco_ganadero,9.73,966621,483
2026-06-29,banco_ganadero,9.82,1382,1
2026-06-29,banco_mercantil_santa_cruz,9.67,0,1
2026-06-29,banco_mercantil_santa_cruz,9.68,445169,232
2026-06-29,banco_mercantil_santa_cruz,9.69,1,1
2026-06-29,banco_mercantil_santa_cruz,9.72,49000,1
2026-06-29,banco_mercantil_santa_cruz,9.78,3885,2
2026-06-29,banco_mercantil_santa_cruz,9.805,7655708,1
2026-06-29,banco_mercantil_santa_cruz,9.81,1678212,1
2026-06-29,banco_nacional_de_bolivia,8.0,34975,1
2026-06-29,banco_nacional_de_bolivia,8.3,49204,1
2026-06-29,banco_nacional_de_bolivia,8.5,92667,2
2026-06-29,banco_nacional_de_bolivia,9.1,30000,1
2026-06-29,banco_nacional_de_bolivia,9.7,21410,1
2026-06-29,banco_nacional_de_bolivia,9.725,1,1
2026-06-29,banco_nacional_de_bolivia,9.73,193334,286
2026-06-29,banco_nacional_de_bolivia,9.732,5,2
2026-06-29,banco_nacional_de_bolivia,9.741,0,1
2026-06-29,banco_nacional_de_bolivia,9.79,1000000,1
2026-06-29,banco_prodem,9.63,10687,21
2026-06-29,banco_pyme_de_la_comunidad,9.23,2,1
2026-06-29,banco_pyme_de_la_comunidad,9.73,7542,7
2026-06-29,banco_pyme_ecofuturo,9.73,730,1
2026-06-29,banco_solidario,9.24,5589,20
2026-06-29,banco_solidario,9.66,11538,1
2026-06-29,banco_solidario,9.7,115,2
2026-06-29,banco_solidario,9.72,19095,1
2026-06-29,banco_solidario,9.75,209935,3
2026-06-29,banco_union,9.73,676658,116
2026-06-30,banco_bisa,9.66,87397,43
2026-06-30,banco_bisa,9.7,100000,1
2026-06-30,banco_bisa,9.73,200000,1
2026-06-30,banco_bisa,9.75,129806,9
2026-06-30,banco_bisa,9.8,2342,4
2026-06-30,banco_bisa,9.83,1001797,1
2026-06-30,banco_de_credito,9.66,37197,17
2026-06-30,banco_de_credito,9.76,10000,1
2026-06-30,banco_de_credito,9.78,1977718,2
2026-06-30,banco_de_la_nacion_argentina,9.66,6332,26
2026-06-30,banco_economico,9.66,9356,31
2026-06-30,banco_economico,9.72,105560,1
2026-06-30,banco_economico,9.84,26,2
2026-06-30,banco_fie,9.66,11564,12
2026-06-30,banco_fortaleza,9.71,167387,1
2026-06-30,banco_fortaleza,9.73,2445,1
2026-06-30,banco_fortaleza,9.76,1,1
2026-06-30,banco_ganadero,9.63,62823,6
2026-06-30,banco_ganadero,9.66,161961,163
2026-06-30,banco_ganadero,9.7,304112,278
2026-06-30,banco_ganadero,9.73,1250413,114
2026-06-30,banco_ganadero,9.7301,600000,1
2026-06-30,banco_ganadero,9.76,14269,68
2026-06-30,banco_ganadero,9.81,399975,1
2026-06-30,banco_ganadero,9.83,9,5
2026-06-30,banco_mercantil_santa_cruz,9.55,1,1
2026-06-30,banco_mercantil_santa_cruz,9.56,257401,168
2026-06-30,banco_mercantil_santa_cruz,9.82,900000,1
2026-06-30,banco_mercantil_santa_cruz,9.86,83334,3
2026-06-30,banco_mercantil_santa_cruz,10.21,9354,3
2026-06-30,banco_mercantil_santa_cruz,11.76,850,1
2026-06-30,banco_nacional_de_bolivia,8.3,961,1
2026-06-30,banco_nacional_de_bolivia,9.0,126000,1
2026-06-30,banco_nacional_de_bolivia,9.76,256505,184
2026-06-30,banco_nacional_de_bolivia,9.761,1,1
2026-06-30,banco_nacional_de_bolivia,9.785,109456,1
2026-06-30,banco_nacional_de_bolivia,9.8,0,1
2026-06-30,banco_prodem,9.56,3759,9
2026-06-30,banco_pyme_de_la_comunidad,9.76,244,3
2026-06-30,banco_pyme_ecofuturo,9.76,602,6
2026-06-30,banco_solidario,9.27,3584,24
2026-06-30,banco_solidario,9.7,24275,2
2026-06-30,banco_solidario,9.72,144498,3
2026-06-30,banco_solidario,9.73,112990,1
2026-06-30,banco_solidario,9.75,22763,1
2026-06-30,banco_solidario,9.8,1599905,1
2026-06-30,banco_union,9.76,96187,100
2026-07-01,banco_bisa,9.66,139166,33
2026-07-01,banco_bisa,9.68,50000,1
2026-07-01,banco_bisa,9.7,404965,3
2026-07-01,banco_bisa,9.71,2781,1
2026-07-01,banco_bisa,9.73,50000,1
2026-07-01,banco_bisa,9.75,129840,10
2026-07-01,banco_bisa,9.755,91000,1
2026-07-01,banco_bisa,9.76,196804,3
2026-07-01,banco_bisa,9.765,70000,1
2026-07-01,banco_bisa,9.77,1484555,1
2026-07-01,banco_bisa,9.78,534140,4
2026-07-01,banco_bisa,9.795,10000000,1
2026-07-01,banco_bisa,9.8,1823250,10
2026-07-01,banco_de_credito,9.6599,43,1
2026-07-01,banco_de_credito,9.66,72182,31
2026-07-01,banco_de_credito,9.7,220502,2
2026-07-01,banco_de_credito,9.76,1000,1
2026-07-01,banco_de_credito,9.8,699930,1
2026-07-01,banco_de_la_nacion_argentina,9.66,16886,26
2026-07-01,banco_economico,9.66,37026,29
2026-07-01,banco_economico,9.78,174440,1
2026-07-01,banco_fie,9.66,8284,15
2026-07-01,banco_fortaleza,9.73,29975,1
2026-07-01,banco_fortaleza,9.76,66896,3
2026-07-01,banco_ganadero,9.63,65822,1
2026-07-01,banco_ganadero,9.66,124592,164
2026-07-01,banco_ganadero,9.7,357648,356
2026-07-01,banco_ganadero,9.73,1105936,38
2026-07-01,banco_ganadero,9.76,1539,23
2026-07-01,banco_ganadero,9.78,446478,2
2026-07-01,banco_ganadero,9.8,612982,1
2026-07-01,banco_ganadero,9.805,499980,1
2026-07-01,banco_ganadero,9.81,2000000,1
2026-07-01,banco_ganadero,9.85,700000,1
2026-07-01,banco_ganadero,9.86,7,4
2026-07-01,banco_mercantil_santa_cruz,9.56,406827,360
2026-07-01,banco_nacional_de_bolivia,9.75,1684458,24
2026-07-01,banco_nacional_de_bolivia,9.757,1,17
2026-07-01,banco_nacional_de_bolivia,9.76,1296200,1949
2026-07-01,banco_nacional_de_bolivia,9.8,0,18
2026-07-01,banco_prodem,9.36,5846,13
2026-07-01,banco_pyme_de_la_comunidad,9.76,216,3
2026-07-01,banco_pyme_ecofuturo,9.36,3620,3
2026-07-01,banco_solidario,9.27,26102,17
2026-07-01,banco_solidario,9.7,3345,2
2026-07-01,banco_solidario,9.75,1854436,2
2026-07-01,banco_solidario,9.76,249835,1
2026-07-01,banco_solidario,9.8,499955,1
2026-07-01,banco_union,9.76,119022,73
2026-07-01,banco_union,9.9,1504313,1
2026-07-02,banco_bisa,9.66,1973,3
2026-07-02,banco_bisa,9.68,130934,28
2026-07-02,banco_bisa,9.75,6471,4
2026-07-02,banco_bisa,9.76,178860,3
2026-07-02,banco_bisa,9.78,383854,5
2026-07-02,banco_bisa,9.785,430000,2
2026-07-02,banco_bisa,9.8,100039,3
2026-07-02,banco_bisa,9.805,1020800,1
2026-07-02,banco_bisa,9.81,49970,1
2026-07-02,banco_bisa,9.815,3000000,1
2026-07-02,banco_bisa,9.82,1000000,1
2026-07-02,banco_bisa,9.84,2149500,2
2026-07-02,banco_de_credito,9.68,24304,33
2026-07-02,banco_de_credito,9.78,112383,1
2026-07-02,banco_de_credito,9.85,699940,1
2026-07-02,banco_de_credito,9.9,402892,1
2026-07-02,banco_de_la_nacion_argentina,9.68,2149,15
2026-07-02,banco_de_la_nacion_argentina,9.78,25562,9
2026-07-02,banco_economico,9.68,280180,33
2026-07-02,banco_economico,9.79,500000,1
2026-07-02,banco_economico,9.8,700000,1
2026-07-02,banco_economico,9.81,139983,1
2026-07-02,banco_fie,9.68,40169,12
2026-07-02,banco_fortaleza,9.78,16,2
2026-07-02,banco_ganadero,9.58,190091,152
2026-07-02,banco_ganadero,9.6,29727,121
2026-07-02,banco_ganadero,9.63,31045,3
2026-07-02,banco_ganadero,9.66,8,2
2026-07-02,banco_ganadero,9.7,280051,176
2026-07-02,banco_ganadero,9.73,1338543,63
2026-07-02,banco_ganadero,9.78,101353,18
2026-07-02,banco_ganadero,9.781,382982,1
2026-07-02,banco_ganadero,9.79,447982,1
2026-07-02,banco_ganadero,9.82,300000,2
2026-07-02,banco_ganadero,9.8299,344,1
2026-07-02,banco_ganadero,9.83,800000,1
2026-07-02,banco_ganadero,9.835,699982,1
2026-07-02,banco_ganadero,9.84,959982,1
2026-07-02,banco_ganadero,9.85,1400,1
2026-07-02,banco_ganadero,9.86,1874,7
2026-07-02,banco_mercantil_santa_cruz,9.56,190740,1
2026-07-02,banco_mercantil_santa_cruz,9.58,171363,187
2026-07-02,banco_mercantil_santa_cruz,9.7,6940,1
2026-07-02,banco_mercantil_santa_cruz,9.78,114000,1
2026-07-02,banco_mercantil_santa_cruz,9.81,187600,1
2026-07-02,banco_mercantil_santa_cruz,9.83,249907,1
2026-07-02,banco_mercantil_santa_cruz,9.85,17983,1
2026-07-02,banco_nacional_de_bolivia,9.75,0,1
2026-07-02,banco_nacional_de_bolivia,9.77,44000,2
2026-07-02,banco_nacional_de_bolivia,9.776,1,1
2026-07-02,banco_nacional_de_bolivia,9.78,1523349,1062
2026-07-02,banco_nacional_de_bolivia,9.79,999960,1
2026-07-02,banco_nacional_de_bolivia,10.0,0,34
2026-07-02,banco_prodem,9.48,4502,8
2026-07-02,banco_pyme_de_la_comunidad,9.78,2262,3
2026-07-02,banco_pyme_ecofuturo,9.38,2640,2
2026-07-02,banco_solidario,9.29,19191,27
2026-07-02,banco_solidario,9.7,19780,1
2026-07-02,banco_solidario,9.75,12651,1
2026-07-02,banco_solidario,9.77,5576,1
2026-07-02,banco_solidario,9.78,23434,3
2026-07-02,banco_solidario,9.79,133518,1
2026-07-02,banco_solidario,9.8,89818,2
2026-07-02,banco_solidario,9.81,127405,1
2026-07-02,banco_union,9.78,209115,75
2026-07-03,banco_bisa,9.7,136637,38
2026-07-03,banco_bisa,9.72,35460,3
2026-07-03,banco_bisa,9.75,402,1
2026-07-03,banco_bisa,9.76,56455,1
2026-07-03,banco_bisa,9.78,386417,1
2026-07-03,banco_bisa,9.8,95005,3
2026-07-03,banco_bisa,9.82,129115,1
2026-07-03,banco_bisa,9.83,177123,1
2026-07-03,banco_bisa,9.85,633862,1
2026-07-03,banco_bisa,9.95,500000,1
2026-07-03,banco_de_credito,9.7,8585,6
2026-07-03,banco_de_credito,9.8,223547,6
2026-07-03,banco_de_credito,9.81,14676,4
2026-07-03,banco_de_credito,9.82,14640,4
2026-07-03,banco_de_credito,9.9,1204340,4
2026-07-03,banco_de_la_nacion_argentina,9.7,11336,10
2026-07-03,banco_economico,9.7,159927,31
2026-07-03,banco_economico,9.8,53397,1
2026-07-03,banco_economico,9.84,300000,1
2026-07-03,banco_economico,9.87,186474,2
2026-07-03,banco_economico,9.9,306318,2
2026-07-03,banco_economico,9.95,748804,1
2026-07-03,banco_fie,9.7,761,8
2026-07-03,banco_fortaleza,9.78,28000,1
2026-07-03,banco_fortaleza,9.8,200000,1
2026-07-03,banco_fortaleza,9.81,905622,1
2026-07-03,banco_ganadero,9.58,2,1
2026-07-03,banco_ganadero,9.6,105083,191
2026-07-03,banco_ganadero,9.63,45083,2
2026-07-03,banco_ganadero,9.7,323549,294
2026-07-03,banco_ganadero,9.73,1391657,33
2026-07-03,banco_ganadero,9.79,450000,1
2026-07-03,banco_ganadero,9.8,2304,39
2026-07-03,banco_ganadero,9.81,1374111,1
2026-07-03,banco_ganadero,9.84,400000,1
2026-07-03,banco_ganadero,9.85,4354619,3
2026-07-03,banco_ganadero,9.88,17,3
2026-07-03,banco_mercantil_santa_cruz,9.59,9,2
2026-07-03,banco_mercantil_santa_cruz,9.6,757251,136
2026-07-03,banco_mercantil_santa_cruz,9.62,4,2
2026-07-03,banco_mercantil_santa_cruz,9.76,92572,1
2026-07-03,banco_mercantil_santa_cruz,9.8,29594,3
2026-07-03,banco_mercantil_santa_cruz,9.82,1051501,1
2026-07-03,banco_mercantil_santa_cruz,9.83,187022,1
2026-07-03,banco_mercantil_santa_cruz,9.96,199845,1
2026-07-03,banco_mercantil_santa_cruz,9.965,1500000,1
2026-07-03,banco_mercantil_santa_cruz,10.0,0,1
2026-07-03,banco_mercantil_santa_cruz,10.25,59,1
2026-07-03,banco_nacional_de_bolivia,9.79,10085,3
2026-07-03,banco_nacional_de_bolivia,9.8,1855909,1071
2026-07-03,banco_nacional_de_bolivia,9.81,300000,1
2026-07-03,banco_prodem,9.7,18491,7
2026-07-03,banco_pyme_de_la_comunidad,9.8,64,3
2026-07-03,banco_pyme_ecofuturo,9.4,3815,5
2026-07-03,banco_solidario,9.29,29001,1
2026-07-03,banco_solidario,9.31,1974,16
2026-07-03,banco_solidario,9.8,74276,3
2026-07-03,banco_solidario,9.88,97200,1
2026-07-03,banco_solidario,9.885,599962,1
2026-07-03,banco_union,9.8,318733,83
2026-07-06,banco_bisa,9.7,2704,3
2026-07-06,banco_bisa,9.73,105731,39
2026-07-06,banco_bisa,9.74,25962,1
2026-07-06,banco_bisa,9.78,144935,1
2026-07-06,banco_bisa,9.8,22000,1
2026-07-06,banco_bisa,9.83,18700,2
2026-07-06,banco_bisa,9.85,821090,2
2026-07-06,banco_bisa,9.88,292281,1
2026-07-06,banco_bisa,9.89,199965,1
2026-07-06,banco_bisa,9.9,1313120,3
2026-07-06,banco_bisa,9.95,700000,1
2026-07-06,banco_de_credito,9.7,2500,3
2026-07-06,banco_de_credito,9.73,35701,7
2026-07-06,banco_de_credito,9.93,849700,1
2026-07-06,banco_de_credito,9.95,505643,1
2026-07-06,banco_de_la_nacion_argentina,9.73,5134,29
2026-07-06,banco_de_la_nacion_argentina,9.83,12475,1
2026-07-06,banco_economico,9.43,21372,22
2026-07-06,banco_economico,9.87,181531,1
2026-07-06,banco_economico,9.9,695604,4
2026-07-06,banco_economico,9.92,300000,1
2026-07-06,banco_fie,9.73,15603,17
2026-07-06,banco_fortaleza,9.73,2674,2
2026-07-06,banco_fortaleza,9.75,8880,1
2026-07-06,banco_fortaleza,9.83,1745,6
2026-07-06,banco_ganadero,9.6,42440,1
2026-07-06,banco_ganadero,9.63,129283,199
2026-07-06,banco_ganadero,9.7,393939,227
2026-07-06,banco_ganadero,9.73,1124923,12
2026-07-06,banco_ganadero,9.8299,69,1
2026-07-06,banco_ganadero,9.83,4441,117
2026-07-06,banco_ganadero,9.8302,16,1
2026-07-06,banco_ganadero,9.9,985,1
2026-07-06,banco_ganadero,9.9296,71,1
2026-07-06,banco_ganadero,9.93,5,2
2026-07-06,banco_mercantil_santa_cruz,9.6,6,1
2026-07-06,banco_mercantil_santa_cruz,9.63,260082,201
2026-07-06,banco_mercantil_santa_cruz,9.78,21455,1
2026-07-06,banco_mercantil_santa_cruz,9.83,49488,3
2026-07-06,banco_mercantil_santa_cruz,9.9,109876,2
2026-07-06,banco_mercantil_santa_cruz,10.0,1100040,2
2026-07-06,banco_mercantil_santa_cruz,10.085,600000,1
2026-07-06,banco_mercantil_santa_cruz,10.15,399915,1
2026-07-06,banco_nacional_de_bolivia,9.7,2000,1
2026-07-06,banco_nacional_de_bolivia,9.73,36096,9
2026-07-06,banco_nacional_de_bolivia,9.83,115500,161
2026-07-06,banco_nacional_de_bolivia,9.84,1,1
2026-07-06,banco_prodem,9.73,4406,9
2026-07-06,banco_pyme_de_la_comunidad,9.83,7049,4
2026-07-06,banco_pyme_ecofuturo,9.43,47414,3
2026-07-06,banco_solidario,9.34,1608,21
2026-07-06,banco_solidario,9.85,45445,2
2026-07-06,banco_solidario,9.862,500000,2
2026-07-06,banco_solidario,9.9,10243,2
2026-07-06,banco_solidario,9.95,311275,3
2026-07-06,banco_solidario,9.97,93599,4
2026-07-06,banco_union,9.83,180125,64
2026-07-07,banco_bisa,9.73,4771,2
2026-07-07,banco_bisa,9.75,1524,2
2026-07-07,banco_bisa,9.79,56928,37
2026-07-07,banco_bisa,9.8,24851,3
2026-07-07,banco_bisa,9.87,62538,1
2026-07-07,banco_bisa,9.89,305472,10
2026-07-07,banco_bisa,9.94,493713,1
2026-07-07,banco_bisa,9.95,1672238,4
2026-07-07,banco_bisa,9.98,1020000,1
2026-07-07,banco_bisa,10.0,649900,2
2026-07-07,banco_bisa,10.02,999960,1
2026-07-07,banco_bisa,10.05,500000,1
2026-07-07,banco_de_credito,9.79,28166,15
2026-07-07,banco_de_credito,9.85,148543,1
2026-07-07,banco_de_credito,9.899,58615,1
2026-07-07,banco_de_credito,9.9,303030,1
2026-07-07,banco_de_credito,9.95,180000,1
2026-07-07,banco_de_credito,9.97,99945,1
2026-07-07,banco_de_la_nacion_argentina,9.79,23805,10
2026-07-07,banco_de_la_nacion_argentina,9.89,9659,1
2026-07-07,banco_economico,9.49,33885,25
2026-07-07,banco_economico,9.79,3915,1
2026-07-07,banco_economico,9.95,299120,1
2026-07-07,banco_economico,9.98,500000,1
2026-07-07,banco_economico,10.05,500000,1
2026-07-07,banco_fie,9.79,14763,25
2026-07-07,banco_fortaleza,9.89,200,2
2026-07-07,banco_ganadero,9.6,43754,1
2026-07-07,banco_ganadero,9.63,43290,5
2026-07-07,banco_ganadero,9.69,44202,137
2026-07-07,banco_ganadero,9.6934,4,1
2026-07-07,banco_ganadero,9.7,296354,248
2026-07-07,banco_ganadero,9.73,1173281,76
2026-07-07,banco_ganadero,9.89,250063,59
2026-07-07,banco_ganadero,9.9001,391,1
2026-07-07,banco_ganadero,9.9296,68,1
2026-07-07,banco_ganadero,9.93,301552,5
2026-07-07,banco_ganadero,9.94,299982,1
2026-07-07,banco_ganadero,9.98,494208,2
2026-07-07,banco_ganadero,10.0,1646671,3
2026-07-07,banco_ganadero,10.06,431808,1
2026-07-07,banco_ganadero,10.11,600000,3
2026-07-07,banco_ganadero,10.16,649975,1
2026-07-07,banco_mercantil_santa_cruz,9.68,0,1
2026-07-07,banco_mercantil_santa_cruz,9.69,39464,138
2026-07-07,banco_mercantil_santa_cruz,9.89,292,1
2026-07-07,banco_mercantil_santa_cruz,10.02,1001429,1
2026-07-07,banco_nacional_de_bolivia,9.73,20,1
2026-07-07,banco_nacional_de_bolivia,9.75,1750,2
2026-07-07,banco_nacional_de_bolivia,9.79,10616,2
2026-07-07,banco_nacional_de_bolivia,9.8,939,1
2026-07-07,banco_nacional_de_bolivia,9.88,14947,1
2026-07-07,banco_nacional_de_bolivia,9.89,421862,148
2026-07-07,banco_nacional_de_bolivia,9.9,2999975,1
2026-07-07,banco_nacional_de_bolivia,9.93,99975,1
2026-07-07,banco_nacional_de_bolivia,9.94,1108125,1
2026-07-07,banco_nacional_de_bolivia,10.13,1199975,1
2026-07-07,banco_prodem,9.73,1,1
2026-07-07,banco_prodem,9.79,13866,8
2026-07-07,banco_pyme_de_la_comunidad,9.89,2000,1
2026-07-07,banco_pyme_ecofuturo,9.49,107,3
2026-07-07,banco_solidario,9.4,20294,11
2026-07-07,banco_solidario,9.95,109900,2
2026-07-07,banco_solidario,9.962,499905,1
2026-07-07,banco_solidario,9.97,6116,1
2026-07-07,banco_solidario,9.98,1579970,3
2026-07-07,banco_solidario,10.0,199983,1
2026-07-07,banco_solidario,10.05,97105,1
2026-07-07,banco_union,9.89,159336,79
2026-07-08,banco_bisa,9.79,242,1
2026-07-08,banco_bisa,9.86,224706,55
2026-07-08,banco_bisa,9.87,34660,1
2026-07-08,banco_bisa,9.88,2288,2
2026-07-08,banco_bisa,9.89,39620,1
2026-07-08,banco_bisa,9.9,108822,2
2026-07-08,banco_bisa,9.91,70000,1
2026-07-08,banco_bisa,9.96,354128,10
2026-07-08,banco_bisa,10.0,767287,3
2026-07-08,banco_bisa,10.06,207875,2
2026-07-08,banco_bisa,10.1,246999,3
2026-07-08,banco_bisa,10.16,523491,2
2026-07-08,banco_bisa,10.185,100000,1
2026-07-08,banco_bisa,10.255,1000000,1
2026-07-08,banco_de_credito,9.86,7752,12
2026-07-08,banco_de_credito,9.96,362603,2
2026-07-08,banco_de_credito,10.1,499444,3
2026-07-08,banco_de_credito,10.15,394967,6
2026-07-08,banco_de_la_nacion_argentina,9.86,3320,10
2026-07-08,banco_economico,9.56,3236,15
2026-07-08,banco_economico,9.96,32097,2
2026-07-08,banco_fie,9.86,12445,22
2026-07-08,banco_fortaleza,9.89,125000,1
2026-07-08,banco_fortaleza,10.15,300000,1
2026-07-08,banco_ganadero,9.6,16886,1
2026-07-08,banco_ganadero,9.63,27213,1
2026-07-08,banco_ganadero,9.66,36855,1
2026-07-08,banco_ganadero,9.69,20,4
2026-07-08,banco_ganadero,9.7,27902,34
2026-07-08,banco_ganadero,9.73,250203,2
2026-07-08,banco_ganadero,9.76,1510509,232
2026-07-08,banco_ganadero,9.96,17,2
2026-07-08,banco_ganadero,9.9603,37,2
2026-07-08,banco_ganadero,9.9649,1,1
2026-07-08,banco_ganadero,9.99,94,3
2026-07-08,banco_ganadero,10.0,150000,1
2026-07-08,banco_ganadero,10.03,184529,1
2026-07-08,banco_ganadero,10.05,400000,1
2026-07-08,banco_ganadero,10.1,1977845,2
2026-07-08,banco_ganadero,10.241,1500000,1
2026-07-08,banco_ganadero,10.25,500000,1
2026-07-08,banco_mercantil_santa_cruz,9.76,278412,145
2026-07-08,banco_mercantil_santa_cruz,9.96,7042,2
2026-07-08,banco_mercantil_santa_cruz,9.97,41340,1
2026-07-08,banco_mercantil_santa_cruz,10.02,3093065,3
2026-07-08,banco_mercantil_santa_cruz,10.06,560000,4
2026-07-08,banco_mercantil_santa_cruz,10.25,1000000,1
2026-07-08,banco_mercantil_santa_cruz,10.265,1659895,3
2026-07-08,banco_mercantil_santa_cruz,10.349,5000000,3
2026-07-08,banco_nacional_de_bolivia,9.5,150000,1
2026-07-08,banco_nacional_de_bolivia,9.76,51,1
2026-07-08,banco_nacional_de_bolivia,9.8,2990,4
2026-07-08,banco_nacional_de_bolivia,9.86,258331,87
2026-07-08,banco_nacional_de_bolivia,9.95,2812505,105
2026-07-08,banco_nacional_de_bolivia,9.96,6501,3
2026-07-08,banco_nacional_de_bolivia,10.0,0,2
2026-07-08,banco_nacional_de_bolivia,10.07,375918,1
2026-07-08,banco_prodem,9.86,57246,13
2026-07-08,banco_pyme_de_la_comunidad,9.96,1101,3
2026-07-08,banco_pyme_ecofuturo,9.56,422,3
2026-07-08,banco_solidario,9.27,150000,1
2026-07-08,banco_solidario,9.46,8026,22
2026-07-08,banco_solidario,9.8,4752,6
2026-07-08,banco_solidario,9.96,29900,1
2026-07-08,banco_solidario,9.98,150000,2
2026-07-08,banco_solidario,10.05,13905,1
2026-07-08,banco_solidario,10.07,113600,1
2026-07-08,banco_solidario,10.175,129288,1
2026-07-08,banco_solidario,10.305,499880,1
2026-07-08,banco_union,9.96,47994,68
2026-07-09,banco_bisa,9.9,14540,5
2026-07-09,banco_bisa,9.95,12440,6
2026-07-09,banco_bisa,9.965,120000,2
2026-07-09,banco_bisa,10.0,29036,24
2026-07-09,banco_bisa,10.1,174304,4
2026-07-09,banco_bisa,10.15,566740,4
2026-07-09,banco_bisa,10.22,189280,1
2026-07-09,banco_bisa,10.25,1195675,2
2026-07-09,banco_bisa,10.28,600000,1
2026-07-09,banco_bisa,10.3,1000000,1
2026-07-09,banco_de_credito,9.86,166,1
2026-07-09,banco_de_credito,10.0,178225,33
2026-07-09,banco_de_credito,10.05,239883,3
2026-07-09,banco_de_credito,10.1,527840,3
2026-07-09,banco_de_credito,10.16,251336,2
2026-07-09,banco_de_credito,10.19,5000,1
2026-07-09,banco_de_credito,10.2,15850,1
2026-07-09,banco_de_credito,10.25,200000,1
2026-07-09,banco_de_credito,10.255,1000000,1
2026-07-09,banco_de_credito,10.27,480000,4
2026-07-09,banco_de_credito,10.3,1000619,2
2026-07-09,banco_de_credito,10.38,938394,1
2026-07-09,banco_de_credito,10.4,350000,1
2026-07-09,banco_de_la_nacion_argentina,10.0,2932,8
2026-07-09,banco_economico,10.0,14520,31
2026-07-09,banco_economico,10.1,36232,1
2026-07-09,banco_economico,10.17,100000,1
2026-07-09,banco_economico,10.2,70000,1
2026-07-09,banco_economico,10.25,74000,1
2026-07-09,banco_economico,10.27,30000,1
2026-07-09,banco_economico,10.28,400000,1
2026-07-09,banco_fie,10.0,31651,14
2026-07-09,banco_fortaleza,7.5,1814,2
2026-07-09,banco_ganadero,9.6,3003,1
2026-07-09,banco_ganadero,9.63,15301,1
2026-07-09,banco_ganadero,9.7,10209,1
2026-07-09,banco_ganadero,9.73,270172,4
2026-07-09,banco_ganadero,9.76,168,4
2026-07-09,banco_ganadero,9.84,823895,41
2026-07-09,banco_ganadero,9.9,70774,132
2026-07-09,banco_ganadero,9.985,50000,1
2026-07-09,banco_ganadero,9.99,49280,1
2026-07-09,banco_ganadero,10.06,4,2
2026-07-09,banco_ganadero,10.1,405809,84
2026-07-09,banco_ganadero,10.2,200000,2
2026-07-09,banco_ganadero,10.253,1500000,1
2026-07-09,banco_ganadero,10.3,200000,1
2026-07-09,banco_ganadero,10.45,505669,1
2026-07-09,banco_mercantil_santa_cruz,9.9,64353,103
2026-07-09,banco_mercantil_santa_cruz,10.06,500000,2
2026-07-09,banco_mercantil_santa_cruz,10.1,100000,1
2026-07-09,banco_mercantil_santa_cruz,10.15,252327,2
2026-07-09,banco_mercantil_santa_cruz,10.25,459053,20
2026-07-09,banco_mercantil_santa_cruz,10.26,3008543,1
2026-07-09,banco_mercantil_santa_cruz,10.33,3000128,1
2026-07-09,banco_mercantil_santa_cruz,10.34,2500000,2
2026-07-09,banco_mercantil_santa_cruz,10.55,47,1
2026-07-09,banco_nacional_de_bolivia,10.0,430494,90
2026-07-09,banco_nacional_de_bolivia,10.09,136505,119
2026-07-09,banco_nacional_de_bolivia,10.1,1600660,4
2026-07-09,banco_nacional_de_bolivia,10.23,1499975,1
2026-07-09,banco_prodem,10.0,70219,15
2026-07-09,banco_pyme_de_la_comunidad,10.1,570,4
2026-07-09,banco_pyme_ecofuturo,9.7,10,1
2026-07-09,banco_solidario,9.6,9897,24
2026-07-09,banco_solidario,9.93,13333,1
2026-07-09,banco_solidario,10.0,36061,1
2026-07-09,banco_solidario,10.05,39182,4
2026-07-09,banco_solidario,10.1,41743,2
2026-07-09,banco_solidario,10.18,299905,1
2026-07-09,banco_solidario,10.181,300000,1
2026-07-09,banco_solidario,10.2,11429,1
2026-07-09,banco_solidario,10.47,479810,2
2026-07-09,banco_solidario,10.49,300000,2
2026-07-09,banco_solidario,10.5,99880,1
2026-07-09,banco_solidario,10.55,499905,1
2026-07-09,banco_union,10.1,59816,80
2026-07-10,banco_bisa,9.9,56371,10
2026-07-10,banco_bisa,9.95,4686,4
2026-07-10,banco_bisa,10.14,207611,44
2026-07-10,banco_bisa,10.19,3114,2
2026-07-10,banco_bisa,10.23,100000,1
2026-07-10,banco_bisa,10.24,48871,4
2026-07-10,banco_bisa,10.25,530416,4
2026-07-10,banco_bisa,10.29,75000,3
2026-07-10,banco_bisa,10.3,2257939,4
2026-07-10,banco_bisa,10.33,13000,2
2026-07-10,banco_bisa,10.35,176010,2
2026-07-10,banco_bisa,10.38,500000,1
2026-07-10,banco_bisa,10.4,1379406,4
2026-07-10,banco_bisa,10.42,100000,1
2026-07-10,banco_bisa,10.48,698000,1
2026-07-10,banco_bisa,10.5,1600000,3
2026-07-10,banco_bisa,10.55,500000,1
2026-07-10,banco_de_credito,10.14,28888,22
2026-07-10,banco_de_credito,10.15,29950,1
2026-07-10,banco_de_credito,10.2,50000,1
2026-07-10,banco_de_credito,10.24,47498,2
2026-07-10,banco_de_credito,10.32,173695,2
2026-07-10,banco_de_credito,10.34,25000,2
2026-07-10,banco_de_credito,10.4,99930,1
2026-07-10,banco_de_credito,10.5,581244,1
2026-07-10,banco_de_credito,10.55,798448,1
2026-07-10,banco_de_credito,10.62,4000000,1
2026-07-10,banco_de_la_nacion_argentina,10.14,3349,12
2026-07-10,banco_de_la_nacion_argentina,10.24,1841,4
2026-07-10,banco_economico,10.14,6394,25
2026-07-10,banco_economico,10.15,500000,1
2026-07-10,banco_economico,10.5,100000,1
2026-07-10,banco_economico,10.55,1000000,1
2026-07-10,banco_economico,10.6,399975,1
2026-07-10,banco_economico,10.64,1800000,1
2026-07-10,banco_fie,10.14,718,10
2026-07-10,banco_fie,10.2,4267,1
2026-07-10,banco_fortaleza,10.24,431,2
2026-07-10,banco_fortaleza,10.27,48440,1
2026-07-10,banco_ganadero,9.6,1652,1
2026-07-10,banco_ganadero,9.63,22232,1
2026-07-10,banco_ganadero,9.7,5547,2
2026-07-10,banco_ganadero,9.73,274449,2
2026-07-10,banco_ganadero,9.9,13,3
2026-07-10,banco_ganadero,9.96,56285,1
2026-07-10,banco_ganadero,10.04,92859,162
2026-07-10,banco_ganadero,10.15,199948,1
2026-07-10,banco_ganadero,10.2,979049,29
2026-07-10,banco_ganadero,10.24,401960,39
2026-07-10,banco_ganadero,10.3,150970,1
2026-07-10,banco_ganadero,10.435,300000,3
2026-07-10,banco_ganadero,10.62,1000000,1
2026-07-10,banco_mercantil_santa_cruz,10.04,57504,190
2026-07-10,banco_mercantil_santa_cruz,10.24,267274,13
2026-07-10,banco_mercantil_santa_cruz,10.25,12500,1
2026-07-10,banco_mercantil_santa_cruz,10.28,29300,1
2026-07-10,banco_mercantil_santa_cruz,10.34,100000,2
2026-07-10,banco_mercantil_santa_cruz,10.45,334000,1
2026-07-10,banco_mercantil_santa_cruz,10.69,56,1
2026-07-10,banco_nacional_de_bolivia,10.1,9500,2
2026-07-10,banco_nacional_de_bolivia,10.14,585250,93
2026-07-10,banco_nacional_de_bolivia,10.2,3499955,1
2026-07-10,banco_nacional_de_bolivia,10.23,24871,125
2026-07-10,banco_nacional_de_bolivia,10.24,450000,1
2026-07-10,banco_nacional_de_bolivia,10.258,3107633,2
2026-07-10,banco_nacional_de_bolivia,10.29,2611715,1
2026-07-10,banco_prodem,10.14,3750,9
2026-07-10,banco_pyme_de_la_comunidad,10.24,68,1
2026-07-10,banco_pyme_ecofuturo,9.84,112,2
2026-07-10,banco_solidario,9.73,2398,21
2026-07-10,banco_solidario,9.85,400,1
2026-07-10,banco_solidario,10.2,59904,3
2026-07-10,banco_solidario,10.24,25376,1
2026-07-10,banco_solidario,10.25,28997,2
2026-07-10,banco_solidario,10.35,13413,1
2026-07-10,banco_solidario,10.37,99887,1
2026-07-10,banco_solidario,10.4,39905,1
2026-07-10,banco_solidario,10.52,1000000,1
2026-07-10,banco_solidario,10.55,1795393,2
2026-07-10,banco_solidario,10.71,499965,2
2026-07-10,banco_solidario,10.75,449880,1
2026-07-10,banco_union,10.24,339509,80
2026-07-13,banco_bisa,10.1,2367,3
2026-07-13,banco_bisa,10.3,163823,37
2026-07-13,banco_bisa,10.35,14000,1
2026-07-13,banco_bisa,10.4,4765,2
2026-07-13,banco_bisa,10.45,134165,2
2026-07-13,banco_bisa,10.55,759965,2
2026-07-13,banco_bisa,10.56,1210000,1
2026-07-13,banco_de_credito,10.3,129929,46
2026-07-13,banco_de_credito,10.4,53800,1
2026-07-13,banco_de_credito,10.5,73100,35
2026-07-13,banco_de_la_nacion_argentina,10.3,1372,15
2026-07-13,banco_de_la_nacion_argentina,10.4,1154,1
2026-07-13,banco_economico,10.3,28314,26
2026-07-13,banco_economico,10.4,103976,2
2026-07-13,banco_economico,10.6,300000,1
2026-07-13,banco_fie,10.3,66249,21
2026-07-13,banco_fie,10.5,32431,1
2026-07-13,banco_fie,10.525,300000,1
2026-07-13,banco_fortaleza,10.4,70,6
2026-07-13,banco_ganadero,9.6,440,1
2026-07-13,banco_ganadero,9.63,43924,1
2026-07-13,banco_ganadero,9.7,2755,1
2026-07-13,banco_ganadero,9.73,254257,1
2026-07-13,banco_ganadero,9.96,48988,1
2026-07-13,banco_ganadero,10.2,1050211,181
2026-07-13,banco_ganadero,10.24,25265,18
2026-07-13,banco_ganadero,10.32,70000,1
2026-07-13,banco_ganadero,10.36,13768,2
2026-07-13,banco_ganadero,10.4,16760,7
2026-07-13,banco_ganadero,10.4001,128,3
2026-07-13,banco_ganadero,10.45,34311,1
2026-07-13,banco_ganadero,10.5,8,3
2026-07-13,banco_ganadero,10.51,2,1
2026-07-13,banco_mercantil_santa_cruz,10.19,1,1
2026-07-13,banco_mercantil_santa_cruz,10.2,291463,182
2026-07-13,banco_mercantil_santa_cruz,10.5,70000,1
2026-07-13,banco_mercantil_santa_cruz,10.55,30000,1
2026-07-13,banco_mercantil_santa_cruz,10.6,19942,3
2026-07-13,banco_mercantil_santa_cruz,10.64,1000000,1
2026-07-13,banco_mercantil_santa_cruz,10.65,607651,1
2026-07-13,banco_mercantil_santa_cruz,10.71,99920,1
2026-07-13,banco_mercantil_santa_cruz,10.768,1500000,1
2026-07-13,banco_mercantil_santa_cruz,10.85,900,1
2026-07-13,banco_nacional_de_bolivia,9.99,582,2
2026-07-13,banco_nacional_de_bolivia,10.14,41,1
2026-07-13,banco_nacional_de_bolivia,10.2,1380,2
2026-07-13,banco_nacional_de_bolivia,10.3,265942,105
2026-07-13,banco_nacional_de_bolivia,10.39,64072,131
2026-07-13,banco_nacional_de_bolivia,10.4,110554,1
2026-07-13,banco_prodem,10.3,19587,14
2026-07-13,banco_pyme_de_la_comunidad,10.4,252,1
2026-07-13,banco_pyme_ecofuturo,10.0,99,2
2026-07-13,banco_solidario,9.88,5520,15
2026-07-13,banco_solidario,10.0,6905,1
2026-07-13,banco_solidario,10.2,3655,1
2026-07-13,banco_solidario,10.24,19655,1
2026-07-13,banco_solidario,10.25,57810,1
2026-07-13,banco_solidario,10.3,38343,1
2026-07-13,banco_solidario,10.4,116601,1
2026-07-13,banco_solidario,10.43,110956,3
2026-07-13,banco_solidario,10.5,111983,2
2026-07-13,banco_solidario,10.6,1779375,1
2026-07-13,banco_union,10.4,254558,126
2026-07-14,banco_bisa,10.4,227318,27
2026-07-14,banco_bisa,10.46,99980,1
2026-07-14,banco_bisa,10.5,2279357,5
2026-07-14,banco_bisa,10.55,85751,1
2026-07-14,banco_bisa,10.58,168864,2
2026-07-14,banco_bisa,10.6,1199960,2
2026-07-14,banco_bisa,10.61,5890000,1
2026-07-14,banco_bisa,10.62,1000000,1
2026-07-14,banco_bisa,10.65,1015639,4
2026-07-14,banco_de_credito,10.4,137237,44
2026-07-14,banco_de_credito,10.5,400886,55
2026-07-14,banco_de_credito,10.6,149238,3
2026-07-14,banco_de_credito,10.63,31930,1
2026-07-14,banco_de_credito,10.65,61271,3
2026-07-14,banco_de_credito,10.7,1041657,5
2026-07-14,banco_de_credito,10.8,2999915,1
2026-07-14,banco_de_la_nacion_argentina,10.4,6320,5
2026-07-14,banco_de_la_nacion_argentina,10.5,3000,3
2026-07-14,banco_economico,10.4,11605,34
2026-07-14,banco_economico,10.5,51000,1
2026-07-14,banco_economico,10.65,900000,3
2026-07-14,banco_economico,10.76,2000000,1
2026-07-14,banco_fie,10.4,72232,21
2026-07-14,banco_fie,10.7,250000,1
2026-07-14,banco_fie,10.76,100000,1
2026-07-14,banco_fie,10.82,500000,1
2026-07-14,banco_fie,10.845,1300000,2
2026-07-14,banco_fortaleza,10.5,570,2
2026-07-14,banco_fortaleza,10.7,49975,1
2026-07-14,banco_ganadero,9.6,564,1
2026-07-14,banco_ganadero,9.63,35111,1
2026-07-14,banco_ganadero,9.73,198007,1
2026-07-14,banco_ganadero,9.96,44400,1
2026-07-14,banco_ganadero,10.2,7,4
2026-07-14,banco_ganadero,10.24,3523,1
2026-07-14,banco_ganadero,10.3,71820,112
2026-07-14,banco_ganadero,10.3093,5,1
2026-07-14,banco_ganadero,10.36,95588,2
2026-07-14,banco_ganadero,10.46,700257,27
2026-07-14,banco_ganadero,10.5,28812,77
2026-07-14,banco_ganadero,10.51,375294,2
2026-07-14,banco_ganadero,10.55,500000,1
2026-07-14,banco_ganadero,10.62,300000,1
2026-07-14,banco_ganadero,10.65,100000,1
2026-07-14,banco_ganadero,10.7,1132250,1
2026-07-14,banco_ganadero,10.73,1111325,2
2026-07-14,banco_ganadero,10.77,499975,1
2026-07-14,banco_mercantil_santa_cruz,10.3,220031,152
2026-07-14,banco_mercantil_santa_cruz,10.5,290214,3
2026-07-14,banco_mercantil_santa_cruz,10.6,222925,4
2026-07-14,banco_mercantil_santa_cruz,10.705,1845791,1
2026-07-14,banco_mercantil_santa_cruz,10.72,349915,1
2026-07-14,banco_mercantil_santa_cruz,10.79,2000000,1
2026-07-14,banco_mercantil_santa_cruz,10.86,9999920,1
2026-07-14,banco_nacional_de_bolivia,10.0,9950,5
2026-07-14,banco_nacional_de_bolivia,10.4,335881,81
2026-07-14,banco_nacional_de_bolivia,10.49,46946,91
2026-07-14,banco_prodem,10.4,11639,15
2026-07-14,banco_pyme_de_la_comunidad,10.5,2129,4
2026-07-14,banco_pyme_ecofuturo,10.1,1146,6
2026-07-14,banco_solidario,9.98,8732,20
2026-07-14,banco_solidario,10.4,9230,9
2026-07-14,banco_solidario,10.45,115045,2
2026-07-14,banco_solidario,10.55,28964,2
2026-07-14,banco_solidario,10.6,154690,3
2026-07-14,banco_union,9.76,215,4
2026-07-14,banco_union,10.5,104667,133
2026-07-15,banco_bisa,10.3,8139,6
2026-07-15,banco_bisa,10.6,62758,22
2026-07-15,banco_bisa,10.7,1303,2
2026-07-15,banco_bisa,10.75,179963,3
2026-07-15,banco_bisa,10.77,50000,1
2026-07-15,banco_de_credito,10.5,39646,1
2026-07-15,banco_de_credito,10.6,39909,18
2026-07-15,banco_de_credito,10.72,305679,21
2026-07-15,banco_de_credito,10.8,636460,58
2026-07-15,banco_de_credito,10.86,1277202,3
2026-07-15,banco_de_credito,10.88,100000,2
2026-07-15,banco_de_credito,10.9,799925,2
2026-07-15,banco_de_la_nacion_argentina,10.6,11048,7
2026-07-15,banco_de_la_nacion_argentina,10.7,78000,4
2026-07-15,banco_economico,10.6,157222,38
2026-07-15,banco_economico,10.71,300000,1
2026-07-15,banco_fie,10.6,4732,31
2026-07-15,banco_fortaleza,10.6,9635,2
2026-07-15,banco_fortaleza,10.7,2541,2
2026-07-15,banco_fortaleza,10.76,341913,1
2026-07-15,banco_fortaleza,10.78,300000,1
2026-07-15,banco_ganadero,9.6,1868,1
2026-07-15,banco_ganadero,9.63,33813,1
2026-07-15,banco_ganadero,9.7,2223,4
2026-07-15,banco_ganadero,9.73,241865,33
2026-07-15,banco_ganadero,9.96,25756,1
2026-07-15,banco_ganadero,10.3,419,7
2026-07-15,banco_ganadero,10.46,432688,1
2026-07-15,banco_ganadero,10.5,150088,152
2026-07-15,banco_ganadero,10.6,1,2
2026-07-15,banco_ganadero,10.66,590322,159
2026-07-15,banco_ganadero,10.7,20527,75
2026-07-15,banco_ganadero,10.74,3000000,1
2026-07-15,banco_ganadero,10.75,61500,1
2026-07-15,banco_ganadero,10.77,1443347,3
2026-07-15,banco_ganadero,10.85,184378,1
2026-07-15,banco_ganadero,10.87,300000,1
2026-07-15,banco_ganadero,10.88,599982,1
2026-07-15,banco_mercantil_santa_cruz,10.5,270256,199
2026-07-15,banco_mercantil_santa_cruz,10.52,1,2
2026-07-15,banco_mercantil_santa_cruz,10.55,0,1
2026-07-15,banco_mercantil_santa_cruz,10.6,100000,1
2026-07-15,banco_mercantil_santa_cruz,10.7,1000,1
2026-07-15,banco_mercantil_santa_cruz,10.8,562932,4
2026-07-15,banco_nacional_de_bolivia,10.0,100,1
2026-07-15,banco_nacional_de_bolivia,10.4,35,1
2026-07-15,banco_nacional_de_bolivia,10.5,1500,1
2026-07-15,banco_nacional_de_bolivia,10.6,318553,163
2026-07-15,banco_nacional_de_bolivia,10.65,200000,1
2026-07-15,banco_nacional_de_bolivia,10.69,120316,130
2026-07-15,banco_nacional_de_bolivia,10.73,195350,1
2026-07-15,banco_nacional_de_bolivia,10.79,2000000,1
2026-07-15,banco_prodem,10.6,13772,8
2026-07-15,banco_pyme_de_la_comunidad,10.7,1025,4
2026-07-15,banco_pyme_de_la_comunidad,10.8,49,1
2026-07-15,banco_pyme_ecofuturo,10.3,600,4
2026-07-15,banco_solidario,10.17,1816,34
2026-07-15,banco_solidario,10.5,35675,1
2026-07-15,banco_solidario,10.7,251708,4
2026-07-15,banco_solidario,10.77,66063,1
2026-07-15,banco_solidario,10.8,119690,2
2026-07-15,banco_solidario,10.83,99905,1
2026-07-15,banco_solidario,10.91,180000,1
2026-07-15,banco_solidario,10.95,499975,2
2026-07-15,banco_solidario,10.995,749785,2
2026-07-15,banco_union,9.96,130,1
2026-07-15,banco_union,10.1,50,1
2026-07-15,banco_union,10.24,15,2
2026-07-15,banco_union,10.7,543367,206
2026-07-17,banco_bisa,10.65,219962,82
2026-07-17,banco_bisa,10.7,17100,1
2026-07-17,banco_bisa,10.75,238425,15
2026-07-17,banco_bisa,10.78,46255,1
2026-07-17,banco_bisa,10.8,588860,7
2026-07-17,banco_bisa,10.85,100000,1
2026-07-17,banco_bisa,10.9,350000,3
2026-07-17,banco_bisa,10.95,2897473,5
2026-07-17,banco_bisa,10.96,1799925,4
2026-07-17,banco_bisa,10.961,1765350,1
2026-07-17,banco_bisa,10.975,415887,1
2026-07-17,banco_de_credito,10.65,15128,31
2026-07-17,banco_de_credito,10.7,10000,1
2026-07-17,banco_de_credito,10.75,268783,6
2026-07-17,banco_de_credito,10.8,54935,1
2026-07-17,banco_de_credito,10.85,756535,50
2026-07-17,banco_de_credito,10.93,599885,2
2026-07-17,banco_de_la_nacion_argentina,10.65,9840,10
2026-07-17,banco_de_la_nacion_argentina,10.75,123325,7
2026-07-17,banco_economico,10.65,19890,33
2026-07-17,banco_economico,10.85,20000,1
2026-07-17,banco_fie,10.65,5701,24
2026-07-17,banco_fortaleza,9.8,44,1
2026-07-17,banco_fortaleza,10.65,605,2
2026-07-17,banco_fortaleza,10.75,247,3
2026-07-17,banco_fortaleza,10.77,261750,1
2026-07-17,banco_fortaleza,10.78,299975,1
2026-07-17,banco_fortaleza,10.86,250000,1
2026-07-17,banco_ganadero,9.6,748,1
2026-07-17,banco_ganadero,9.63,21604,1
2026-07-17,banco_ganadero,9.7,294,1
2026-07-17,banco_ganadero,9.73,178322,1
2026-07-17,banco_ganadero,9.96,14969,1
2026-07-17,banco_ganadero,10.24,1109,1
2026-07-17,banco_ganadero,10.5,1521,1
2026-07-17,banco_ganadero,10.55,132668,126
2026-07-17,banco_ganadero,10.7,5802,12
2026-07-17,banco_ganadero,10.71,843289,12
2026-07-17,banco_ganadero,10.75,24325,89
2026-07-17,banco_ganadero,10.8,489980,1
2026-07-17,banco_ganadero,10.85,599971,2
2026-07-17,banco_ganadero,10.9,817487,1
2026-07-17,banco_ganadero,10.92,500000,1
2026-07-17,banco_ganadero,10.93,1343141,4
2026-07-17,banco_ganadero,10.95,479388,1
2026-07-17,banco_ganadero,10.951,559092,1
2026-07-17,banco_ganadero,10.96,3999921,1
2026-07-17,banco_mercantil_santa_cruz,10.5,0,1
2026-07-17,banco_mercantil_santa_cruz,10.53,0,1
2026-07-17,banco_mercantil_santa_cruz,10.54,1,2
2026-07-17,banco_mercantil_santa_cruz,10.55,957274,153
2026-07-17,banco_mercantil_santa_cruz,10.57,0,1
2026-07-17,banco_mercantil_santa_cruz,10.7,100000,1
2026-07-17,banco_mercantil_santa_cruz,10.75,2702831,4
2026-07-17,banco_mercantil_santa_cruz,10.85,451290,2
2026-07-17,banco_mercantil_santa_cruz,10.87,153000,1
2026-07-17,banco_mercantil_santa_cruz,10.956,100000,1
2026-07-17,banco_mercantil_santa_cruz,11.02,2000054,2
2026-07-17,banco_nacional_de_bolivia,10.55,318391,127
2026-07-17,banco_nacional_de_bolivia,10.6,498500,1
2026-07-17,banco_nacional_de_bolivia,10.63,100000,1
2026-07-17,banco_nacional_de_bolivia,10.74,63219,125
2026-07-17,banco_nacional_de_bolivia,10.75,6123264,4
2026-07-17,banco_nacional_de_bolivia,10.8,299985,1
2026-07-17,banco_nacional_de_bolivia,10.95,500000,1
2026-07-17,banco_prodem,10.65,1485,9
2026-07-17,banco_pyme_de_la_comunidad,10.75,1211,3
2026-07-17,banco_pyme_ecofuturo,10.35,15500,5
2026-07-17,banco_pyme_ecofuturo,11.15,569921,1
2026-07-17,banco_solidario,10.21,9563,32
2026-07-17,banco_solidario,10.5,11292,1
2026-07-17,banco_solidario,10.981,285,3
2026-07-17,banco_solidario,10.995,95,1
2026-07-17,banco_solidario,11.015,649880,3
2026-07-17,banco_union,10.4,101,1
2026-07-17,banco_union,10.5,10,1
2026-07-17,banco_union,10.75,1039948,216
2026-07-20,banco_bisa,10.75,126606,32
2026-07-20,banco_bisa,10.78,90000,1
2026-07-20,banco_bisa,10.8,4640,1
2026-07-20,banco_bisa,10.85,803636,6
2026-07-20,banco_bisa,10.9,945377,4
2026-07-20,banco_bisa,10.93,323941,1
2026-07-20,banco_bisa,10.975,4000000,1
2026-07-20,banco_de_credito,10.65,49,1
2026-07-20,banco_de_credito,10.75,36571,44
2026-07-20,banco_de_credito,10.85,460607,7
2026-07-20,banco_de_credito,10.87,475458,1
2026-07-20,banco_de_credito,10.9,196241,1
2026-07-20,banco_de_credito,10.95,17078,49
2026-07-20,banco_de_credito,10.97,538577,1
2026-07-20,banco_de_la_nacion_argentina,10.75,2539,33
2026-07-20,banco_de_la_nacion_argentina,10.85,200,2
2026-07-20,banco_economico,10.75,9265,28
2026-07-20,banco_economico,10.85,56000,1
2026-07-20,banco_fie,10.75,4003,24
2026-07-20,banco_fortaleza,9.8,2200,1
2026-07-20,banco_fortaleza,10.75,627,2
2026-07-20,banco_fortaleza,10.8,6326,1
2026-07-20,banco_fortaleza,10.82,37700,1
2026-07-20,banco_fortaleza,10.85,16210,7
2026-07-20,banco_ganadero,9.6,49,1
2026-07-20,banco_ganadero,9.63,23139,1
2026-07-20,banco_ganadero,9.7,361,1
2026-07-20,banco_ganadero,9.73,157478,1
2026-07-20,banco_ganadero,9.96,12381,1
2026-07-20,banco_ganadero,10.65,66764,145
2026-07-20,banco_ganadero,10.7,2814,7
2026-07-20,banco_ganadero,10.75,29064,10
2026-07-20,banco_ganadero,10.81,855433,11
2026-07-20,banco_ganadero,10.85,50366,32
2026-07-20,banco_ganadero,10.9,499960,2
2026-07-20,banco_ganadero,10.92,109975,1
2026-07-20,banco_ganadero,10.95,1484507,3
2026-07-20,banco_ganadero,10.98,1000000,1
2026-07-20,banco_mercantil_santa_cruz,10.64,4,1
2026-07-20,banco_mercantil_santa_cruz,10.65,165752,145
2026-07-20,banco_mercantil_santa_cruz,10.66,7,3
2026-07-20,banco_mercantil_santa_cruz,10.85,100000,1
2026-07-20,banco_mercantil_santa_cruz,10.87,499932,1
2026-07-20,banco_mercantil_santa_cruz,10.92,137935,1
2026-07-20,banco_mercantil_santa_cruz,10.95,100000,2
2026-07-20,banco_nacional_de_bolivia,9.0,250,1
2026-07-20,banco_nacional_de_bolivia,10.5,5480,1
2026-07-20,banco_nacional_de_bolivia,10.6,3000,1
2026-07-20,banco_nacional_de_bolivia,10.65,78383,97
2026-07-20,banco_nacional_de_bolivia,10.84,67756,116
2026-07-20,banco_nacional_de_bolivia,10.85,108259,6
2026-07-20,banco_prodem,10.75,3923,8
2026-07-20,banco_pyme_de_la_comunidad,10.85,457,5
2026-07-20,banco_pyme_ecofuturo,10.45,6050,6
2026-07-20,banco_solidario,10.31,8936,42
2026-07-20,banco_solidario,10.82,44905,1
2026-07-20,banco_solidario,10.85,9270,1
2026-07-20,banco_solidario,10.95,25730,1
2026-07-20,banco_solidario,10.98,101315,3
2026-07-20,banco_solidario,11.03,305241,2
2026-07-20,banco_solidario,11.1,200000,1
2026-07-20,banco_union,10.75,95,2
2026-07-20,banco_union,10.85,638421,272
2026-07-20,banco_union,11.05,199975,1
2026-07-21,banco_bisa,10.75,207972,11
2026-07-21,banco_bisa,10.8,107349,51
2026-07-21,banco_bisa,10.9,325015,10
2026-07-21,banco_bisa,10.94,1171075,1
2026-07-21,banco_bisa,10.95,86145,2
2026-07-21,banco_bisa,10.97,53653,2
2026-07-21,banco_bisa,10.977,200000,1
2026-07-21,banco_bisa,10.98,19281,1
2026-07-21,banco_bisa,11.0,2949895,7
2026-07-21,banco_bisa,11.01,299458,1
2026-07-21,banco_bisa,11.02,100000,1
2026-07-21,banco_bisa,11.05,3000000,1
2026-07-21,banco_de_credito,10.8,63130,30
2026-07-21,banco_de_credito,10.9,50647,4
2026-07-21,banco_de_credito,10.95,10692,27
2026-07-21,banco_de_credito,11.0,171290,2
2026-07-21,banco_de_credito,11.08,245000,1
2026-07-21,banco_de_credito,11.15,300000,1
2026-07-21,banco_de_la_nacion_argentina,10.8,4805,18
2026-07-21,banco_de_la_nacion_argentina,10.9,1000,1
2026-07-21,banco_de_la_nacion_argentina,10.98,50000,1
2026-07-21,banco_economico,10.8,10840,35
2026-07-21,banco_fie,10.8,7580,14
2026-07-21,banco_fie,10.9,420000,1
2026-07-21,banco_fortaleza,10.8,1314,4
2026-07-21,banco_fortaleza,10.9,106,3
2026-07-21,banco_fortaleza,10.96,100000,1
2026-07-21,banco_ganadero,9.6,651,1
2026-07-21,banco_ganadero,9.63,22380,1
2026-07-21,banco_ganadero,9.7,691,1
2026-07-21,banco_ganadero,9.73,151036,1
2026-07-21,banco_ganadero,9.96,9968,1
2026-07-21,banco_ganadero,10.65,5,1
2026-07-21,banco_ganadero,10.7,223725,116
2026-07-21,banco_ganadero,10.75,2757,3
2026-07-21,banco_ganadero,10.81,301253,2
2026-07-21,banco_ganadero,10.85,11581,24
2026-07-21,banco_ganadero,10.86,461488,18
2026-07-21,banco_ganadero,10.9,167152,124
2026-07-21,banco_ganadero,10.95,100002,3
2026-07-21,banco_ganadero,11.03,100000,1
2026-07-21,banco_ganadero,11.1,331016,1
2026-07-21,banco_ganadero,11.12,499975,1
2026-07-21,banco_ganadero,11.13,1000000,1
2026-07-21,banco_ganadero,11.15,944610,2
2026-07-21,banco_mercantil_santa_cruz,10.7,132846,132
2026-07-21,banco_mercantil_santa_cruz,10.9,5000,1
2026-07-21,banco_mercantil_santa_cruz,10.95,380000,1
2026-07-21,banco_mercantil_santa_cruz,11.0,106100,2
2026-07-21,banco_mercantil_santa_cruz,11.02,40350,1
2026-07-21,banco_mercantil_santa_cruz,11.35,189,1
2026-07-21,banco_nacional_de_bolivia,10.65,1403,3
2026-07-21,banco_nacional_de_bolivia,10.7,464687,105
2026-07-21,banco_nacional_de_bolivia,10.89,41630,125
2026-07-21,banco_nacional_de_bolivia,10.9,1,1
2026-07-21,banco_nacional_de_bolivia,10.95,150000,1
2026-07-21,banco_nacional_de_bolivia,11.085,500000,1
2026-07-21,banco_prodem,10.8,6503,10
2026-07-21,banco_pyme_de_la_comunidad,10.9,1676,11
2026-07-21,banco_pyme_ecofuturo,10.5,317,5
2026-07-21,banco_pyme_ecofuturo,10.9,199870,1
2026-07-21,banco_solidario,10.36,16633,33
2026-07-21,banco_solidario,10.75,36000,1
2026-07-21,banco_solidario,10.8,205,1
2026-07-21,banco_solidario,10.85,54910,2
2026-07-21,banco_solidario,10.9,16511,1
2026-07-21,banco_solidario,10.95,21599,1
2026-07-21,banco_solidario,11.01,3825,1
2026-07-21,banco_solidario,11.05,5475580,3
2026-07-21,banco_solidario,11.1,2052703,1
2026-07-21,banco_solidario,11.105,210000,1
2026-07-21,banco_union,10.75,14,1
2026-07-21,banco_union,10.9,619759,157
2026-07-22,banco_bisa,10.75,150757,12
2026-07-22,banco_bisa,10.8,5537,6
2026-07-22,banco_bisa,10.85,6644,6
2026-07-22,banco_bisa,10.9,193952,33
2026-07-22,banco_bisa,10.92,34770,2
2026-07-22,banco_bisa,10.95,141931,3
2026-07-22,banco_bisa,10.99,882820,1
2026-07-22,banco_bisa,11.0,284716,16
2026-07-22,banco_bisa,11.0039,99965,1
2026-07-22,banco_bisa,11.03,100000,1
2026-07-22,banco_bisa,11.04,408322,1
2026-07-22,banco_bisa,11.05,1620827,2
2026-07-22,banco_bisa,11.1,441108,4
2026-07-22,banco_bisa,11.12,619975,3
2026-07-22,banco_bisa,11.135,1000000,1
2026-07-22,banco_bisa,11.15,4200025,4
2026-07-22,banco_de_credito,9.92,8002,1
2026-07-22,banco_de_credito,10.75,7000,1
2026-07-22,banco_de_credito,10.9,45210,15
2026-07-22,banco_de_credito,11.0,56128,2
2026-07-22,banco_de_credito,11.05,10000,1
2026-07-22,banco_de_credito,11.08,99988,1
2026-07-22,banco_de_credito,11.1,261970,32
2026-07-22,banco_de_credito,11.12,1233021,2
2026-07-22,banco_de_credito,11.13,2000000,1
2026-07-22,banco_de_credito,11.17,445000,1
2026-07-22,banco_de_la_nacion_argentina,10.9,4206,18
2026-07-22,banco_de_la_nacion_argentina,11.0,900,1
2026-07-22,banco_economico,10.9,45121,31
2026-07-22,banco_economico,11.1,54900,1
2026-07-22,banco_economico,11.15,64210,1
2026-07-22,banco_economico,11.2,1965712,4
2026-07-22,banco_fie,10.9,4591,21
2026-07-22,banco_fortaleza,10.5,106,1
2026-07-22,banco_fortaleza,10.9,30200,1
2026-07-22,banco_fortaleza,11.0,57501,7
2026-07-22,banco_fortaleza,11.05,16965,1
2026-07-22,banco_ganadero,9.6,910,1
2026-07-22,banco_ganadero,9.63,13194,1
2026-07-22,banco_ganadero,9.7,57,1
2026-07-22,banco_ganadero,9.73,127266,1
2026-07-22,banco_ganadero,9.96,10117,1
2026-07-22,banco_ganadero,10.7,532,4
2026-07-22,banco_ganadero,10.8,220869,134
2026-07-22,banco_ganadero,10.85,4263,12
2026-07-22,banco_ganadero,10.9,6538,21
2026-07-22,banco_ganadero,10.95,349701,1
2026-07-22,banco_ganadero,10.96,722099,18
2026-07-22,banco_ganadero,11.0,135841,61
2026-07-22,banco_ganadero,11.1,58000,2
2026-07-22,banco_ganadero,11.155,689982,1
2026-07-22,banco_ganadero,11.25,2999921,1
2026-07-22,banco_ganadero,11.28,4999935,1
2026-07-22,banco_mercantil_santa_cruz,10.8,234448,294
2026-07-22,banco_mercantil_santa_cruz,10.81,1,2
2026-07-22,banco_mercantil_santa_cruz,10.85,19068,1
2026-07-22,banco_mercantil_santa_cruz,10.9,2000,1
2026-07-22,banco_mercantil_santa_cruz,10.94,32000,1
2026-07-22,banco_mercantil_santa_cruz,10.96,215605,1
2026-07-22,banco_mercantil_santa_cruz,11.0,45797,7
2026-07-22,banco_mercantil_santa_cruz,11.03,14910,1
2026-07-22,banco_mercantil_santa_cruz,11.1,50000,3
2026-07-22,banco_mercantil_santa_cruz,11.12,212355,1
2026-07-22,banco_mercantil_santa_cruz,11.16,2308530,1
2026-07-22,banco_nacional_de_bolivia,10.7,1120,1
2026-07-22,banco_nacional_de_bolivia,10.75,1600,1
2026-07-22,banco_nacional_de_bolivia,10.8,467180,131
2026-07-22,banco_nacional_de_bolivia,10.99,34356,121
2026-07-22,banco_nacional_de_bolivia,11.0,23,2
2026-07-22,banco_nacional_de_bolivia,11.05,60000,1
2026-07-22,banco_nacional_de_bolivia,11.07,1111998,1
2026-07-22,banco_nacional_de_bolivia,11.1,1100000,2
2026-07-22,banco_nacional_de_bolivia,11.13,4000000,3
2026-07-22,banco_prodem,10.9,12127,8
2026-07-22,banco_pyme_de_la_comunidad,11.0,1178,6
2026-07-22,banco_pyme_ecofuturo,10.6,1520,5
2026-07-22,banco_solidario,10.45,2025,27
2026-07-22,banco_solidario,10.85,11645,1
2026-07-22,banco_solidario,10.93,9035,1
2026-07-22,banco_solidario,10.95,112650,1
2026-07-22,banco_solidario,10.98,28930,1
2026-07-22,banco_solidario,11.0,2505,2
2026-07-22,banco_solidario,11.05,629924,3
2026-07-22,banco_solidario,11.3,199880,1
2026-07-22,banco_solidario,11.4,994760,2
2026-07-22,banco_union,10.85,4,1
2026-07-22,banco_union,11.0,179795,80
2026-07-23,banco_bisa,10.8,36543,9
2026-07-23,banco_bisa,10.85,3501,6
2026-07-23,banco_bisa,11.0,24919,1
2026-07-23,banco_bisa,11.03,440090,53
2026-07-23,banco_bisa,11.1,1100000,2
2026-07-23,banco_bisa,11.13,227790,8
2026-07-23,banco_bisa,11.2,2162392,2
2026-07-23,banco_bisa,11.21,100000,1
2026-07-23,banco_bisa,11.22,32649,1
2026-07-23,banco_bisa,11.23,3159075,6
2026-07-23,banco_bisa,11.2621,179965,1
2026-07-23,banco_bisa,11.27,500000,2
2026-07-23,banco_bisa,11.283,1657361,1
2026-07-23,banco_bisa,11.3,500000,1
2026-07-23,banco_bisa,11.35,400000,1
2026-07-23,banco_de_credito,11.03,73542,10
2026-07-23,banco_de_credito,11.13,36334,3
2026-07-23,banco_de_credito,11.15,82860,2
2026-07-23,banco_de_credito,11.18,109620,1
2026-07-23,banco_de_credito,11.2,88452,4
2026-07-23,banco_de_credito,11.23,33861,44
2026-07-23,banco_de_credito,11.25,131475,1
2026-07-23,banco_de_la_nacion_argentina,11.03,20972,17
2026-07-23,banco_economico,11.03,15077,32
2026-07-23,banco_economico,11.13,100000,1
2026-07-23,banco_economico,11.2,128260,1
2026-07-23,banco_economico,11.32,199990,1
2026-07-23,banco_fie,11.03,2814,15
2026-07-23,banco_fortaleza,10.7,1650,1
2026-07-23,banco_fortaleza,10.92,15000,1
2026-07-23,banco_fortaleza,11.03,1,1
2026-07-23,banco_fortaleza,11.13,16,2
2026-07-23,banco_fortaleza,11.15,100000,1
2026-07-23,banco_fortaleza,11.2,30000,1
2026-07-23,banco_fortaleza,11.45,399975,1
2026-07-23,banco_ganadero,9.63,15580,1
2026-07-23,banco_ganadero,9.7,619,1
2026-07-23,banco_ganadero,9.73,138766,1
2026-07-23,banco_ganadero,9.96,12801,1
2026-07-23,banco_ganadero,10.7,729,1
2026-07-23,banco_ganadero,10.75,268,1
2026-07-23,banco_ganadero,10.8,40,14
2026-07-23,banco_ganadero,10.85,856,1
2026-07-23,banco_ganadero,10.9,867,1
2026-07-23,banco_ganadero,10.93,397862,130
2026-07-23,banco_ganadero,10.96,228110,3
2026-07-23,banco_ganadero,11.0,65596,12
2026-07-23,banco_ganadero,11.1,2,2
2026-07-23,banco_ganadero,11.13,633862,120
2026-07-23,banco_ganadero,11.15,700000,1
2026-07-23,banco_ganadero,11.17,117700,2
2026-07-23,banco_ganadero,11.28,3999921,76
2026-07-23,banco_ganadero,11.37,553246,1
2026-07-23,banco_mercantil_santa_cruz,10.89,0,1
2026-07-23,banco_mercantil_santa_cruz,10.9,190400,1
2026-07-23,banco_mercantil_santa_cruz,10.93,170949,184
2026-07-23,banco_mercantil_santa_cruz,11.0,5392,1
2026-07-23,banco_mercantil_santa_cruz,11.1,38400,1
2026-07-23,banco_mercantil_santa_cruz,11.13,19935,1
2026-07-23,banco_mercantil_santa_cruz,11.18,6073,1
2026-07-23,banco_mercantil_santa_cruz,11.22,350000,1
2026-07-23,banco_mercantil_santa_cruz,11.23,479932,2
2026-07-23,banco_mercantil_santa_cruz,11.25,34954,1
2026-07-23,banco_mercantil_santa_cruz,11.34,2447495,2
2026-07-23,banco_nacional_de_bolivia,10.9,12700,2
2026-07-23,banco_nacional_de_bolivia,10.93,207471,105
2026-07-23,banco_nacional_de_bolivia,11.1,900000,2
2026-07-23,banco_nacional_de_bolivia,11.12,32950,106
2026-07-23,banco_nacional_de_bolivia,11.13,2534690,5
2026-07-23,banco_prodem,11.03,103793,10
2026-07-23,banco_pyme_de_la_comunidad,11.13,6085,8
2026-07-23,banco_pyme_ecofuturo,10.73,470,3
2026-07-23,banco_solidario,10.57,13859,30
2026-07-23,banco_solidario,11.0,2466,2
2026-07-23,banco_solidario,11.05,15522,1
2026-07-23,banco_solidario,11.2,120000,2
2026-07-23,banco_solidario,11.27,800000,1
2026-07-23,banco_solidario,11.35,749905,1
2026-07-23,banco_solidario,11.4,304931,5
2026-07-23,banco_union,10.9,10,1
2026-07-23,banco_union,11.13,55272,64
2026-07-24,banco_bisa,11.03,3038,1
2026-07-24,banco_bisa,11.1,8050,8
2026-07-24,banco_bisa,11.11,108031,64
2026-07-24,banco_bisa,11.2,540000,2
2026-07-24,banco_bisa,11.21,553112,8
2026-07-24,banco_bisa,11.25,64975,1
2026-07-24,banco_bisa,11.26,34149,1
2026-07-24,banco_bisa,11.3,354277,3
2026-07-24,banco_bisa,11.32,264000,2
2026-07-24,banco_bisa,11.34,775455,1
2026-07-24,banco_bisa,11.35,159975,1
2026-07-24,banco_bisa,11.36,500000,1
2026-07-24,banco_bisa,11.37,172404,1
2026-07-24,banco_bisa,11.4,892498,2
2026-07-24,banco_bisa,11.41,300000,1
2026-07-24,banco_bisa,11.411,5000000,1
2026-07-24,banco_bisa,11.42,2186302,2
2026-07-24,banco_bisa,11.43,300000,1
2026-07-24,banco_bisa,11.45,500000,1
2026-07-24,banco_de_credito,11.11,20212,19
2026-07-24,banco_de_credito,11.18,5000,1
2026-07-24,banco_de_credito,11.21,26235,1
2026-07-24,banco_de_credito,11.25,62834,1
2026-07-24,banco_de_credito,11.31,26755,28
2026-07-24,banco_de_credito,11.35,71677,1
2026-07-24,banco_de_credito,11.45,634502,3
2026-07-24,banco_de_credito,11.5,1218652,1
2026-07-24,banco_de_credito,11.6,750000,1
2026-07-24,banco_de_credito,11.64,2000000,1
2026-07-24,banco_de_la_nacion_argentina,11.11,7462,35
2026-07-24,banco_economico,11.11,30747,30
2026-07-24,banco_economico,11.4,891510,1
2026-07-24,banco_economico,11.61,1000000,1
2026-07-24,banco_fie,11.11,3355,16
2026-07-24,banco_fortaleza,11.11,250,4
2026-07-24,banco_fortaleza,11.255,200000,1
2026-07-24,banco_fortaleza,11.35,786257,1
2026-07-24,banco_ganadero,9.63,21365,1
2026-07-24,banco_ganadero,9.73,83994,1
2026-07-24,banco_ganadero,9.96,7687,1
2026-07-24,banco_ganadero,10.7,56,1
2026-07-24,banco_ganadero,10.75,316,2
2026-07-24,banco_ganadero,10.85,1116,1
2026-07-24,banco_ganadero,10.9,227,1
2026-07-24,banco_ganadero,10.93,798,9
2026-07-24,banco_ganadero,11.0,2201,1
2026-07-24,banco_ganadero,11.01,171362,124
2026-07-24,banco_ganadero,11.12,100000,1
2026-07-24,banco_ganadero,11.13,266617,36
2026-07-24,banco_ganadero,11.17,60000,1
2026-07-24,banco_ganadero,11.21,353912,85
2026-07-24,banco_ganadero,11.23,1,2
2026-07-24,banco_ganadero,11.3,925307,3
2026-07-24,banco_ganadero,11.31,10,1
2026-07-24,banco_ganadero,11.39,358339,1
2026-07-24,banco_ganadero,11.41,2768443,1
2026-07-24,banco_ganadero,11.42,2809895,2
2026-07-24,banco_ganadero,11.43,399982,1
2026-07-24,banco_ganadero,11.55,594542,2
2026-07-24,banco_ganadero,11.605,199975,1
2026-07-24,banco_ganadero,11.611,489000,1
2026-07-24,banco_mercantil_santa_cruz,11.0,1,2
2026-07-24,banco_mercantil_santa_cruz,11.01,620247,210
2026-07-24,banco_mercantil_santa_cruz,11.02,2,3
2026-07-24,banco_mercantil_santa_cruz,11.03,1000,1
2026-07-24,banco_mercantil_santa_cruz,11.21,112722,3
2026-07-24,banco_mercantil_santa_cruz,11.23,19955,1
2026-07-24,banco_mercantil_santa_cruz,11.26,70000,1
2026-07-24,banco_nacional_de_bolivia,10.95,2600,1
2026-07-24,banco_nacional_de_bolivia,11.01,521881,112
2026-07-24,banco_nacional_de_bolivia,11.11,2116,1
2026-07-24,banco_nacional_de_bolivia,11.18,1139775,1
2026-07-24,banco_nacional_de_bolivia,11.2,20821,138
2026-07-24,banco_nacional_de_bolivia,11.21,4846758,7
2026-07-24,banco_nacional_de_bolivia,11.25,178925,2
2026-07-24,banco_nacional_de_bolivia,11.26,100000,1
2026-07-24,banco_nacional_de_bolivia,11.31,50000,1
2026-07-24,banco_prodem,11.11,2634,15
2026-07-24,banco_pyme_de_la_comunidad,11.21,142044,4
2026-07-24,banco_pyme_ecofuturo,10.81,2980,7
2026-07-24,banco_solidario,10.65,7685,30
2026-07-24,banco_solidario,11.05,5285,4
2026-07-24,banco_solidario,11.1,10530,2
2026-07-24,banco_solidario,11.25,1896,1
2026-07-24,banco_solidario,11.35,29510,2
2026-07-24,banco_solidario,11.4,205420,1
2026-07-24,banco_solidario,11.5,200000,1
2026-07-24,banco_union,11.21,35890,67
2026-07-27,banco_bisa,11.27,211313,22
2026-07-27,banco_bisa,11.3,1266,1
2026-07-27,banco_bisa,11.35,2649,5
2026-07-27,banco_bisa,11.37,26971,3
2026-07-27,banco_bisa,11.4,142672,3
2026-07-27,banco_bisa,11.42,170333,5
2026-07-27,banco_bisa,11.45,10150,1
2026-07-27,banco_bisa,11.5,954422,6
2026-07-27,banco_bisa,11.55,200000,1
2026-07-27,banco_bisa,11.58,284076,1
2026-07-27,banco_bisa,11.6,899331,3
2026-07-27,banco_bisa,11.65,733543,2
2026-07-27,banco_de_credito,10.99,1295,1
2026-07-27,banco_de_credito,11.27,28097,9
2026-07-27,banco_de_credito,11.37,41485,4
2026-07-27,banco_de_credito,11.4,93356,1
2026-07-27,banco_de_credito,11.43,5125,1
2026-07-27,banco_de_credito,11.45,59945,1
2026-07-27,banco_de_credito,11.47,25519,44
2026-07-27,banco_de_credito,11.5,700000,1
2026-07-27,banco_de_credito,11.6,31066,2
2026-07-27,banco_de_credito,11.64,4342,2
2026-07-27,banco_de_credito,11.7,1106720,2
2026-07-27,banco_de_credito,11.9,2000000,1
2026-07-27,banco_de_la_nacion_argentina,11.27,4894,33
2026-07-27,banco_de_la_nacion_argentina,11.37,7725,3
2026-07-27,banco_economico,11.27,35282,35
2026-07-27,banco_economico,11.3,53231,1
2026-07-27,banco_economico,11.4,2000000,1
2026-07-27,banco_economico,11.52,499980,1
2026-07-27,banco_economico,11.6,500000,1
2026-07-27,banco_fie,11.27,9465,18
2026-07-27,banco_fie,11.57,36975,1
2026-07-27,banco_fortaleza,11.23,17798,1
2026-07-27,banco_fortaleza,11.27,3008,2
2026-07-27,banco_fortaleza,11.3,586120,2
2026-07-27,banco_fortaleza,11.37,30137,9
2026-07-27,banco_fortaleza,11.8,130025,1
2026-07-27,banco_fortaleza,11.85,299975,1
2026-07-27,banco_ganadero,9.6,21,1
2026-07-27,banco_ganadero,9.63,28105,1
2026-07-27,banco_ganadero,9.7,84,1
2026-07-27,banco_ganadero,9.73,142327,1
2026-07-27,banco_ganadero,9.96,15197,1
2026-07-27,banco_ganadero,10.7,42,1
2026-07-27,banco_ganadero,11.0,109,1
2026-07-27,banco_ganadero,11.13,229,1
2026-07-27,banco_ganadero,11.17,44019,139
2026-07-27,banco_ganadero,11.21,2123,3
2026-07-27,banco_ganadero,11.3699,35,1
2026-07-27,banco_ganadero,11.37,1161694,58
2026-07-27,banco_ganadero,11.42,1299921,1
2026-07-27,banco_ganadero,11.47,1,1
2026-07-27,banco_ganadero,11.5,250000,1
2026-07-27,banco_ganadero,11.7,1219975,2
2026-07-27,banco_mercantil_santa_cruz,11.15,1,2
2026-07-27,banco_mercantil_santa_cruz,11.16,1,2
2026-07-27,banco_mercantil_santa_cruz,11.17,170088,217
2026-07-27,banco_mercantil_santa_cruz,11.18,1,2
2026-07-27,banco_mercantil_santa_cruz,11.32,268721,1
2026-07-27,banco_mercantil_santa_cruz,11.37,758111,10
2026-07-27,banco_mercantil_santa_cruz,11.47,34000,1
2026-07-27,banco_mercantil_santa_cruz,11.61,181540,1
2026-07-27,banco_mercantil_santa_cruz,11.7,1745930,3
2026-07-27,banco_nacional_de_bolivia,10.0,151,1
2026-07-27,banco_nacional_de_bolivia,10.6,10425,1
2026-07-27,banco_nacional_de_bolivia,11.12,3700,1
2026-07-27,banco_nacional_de_bolivia,11.15,149975,1
2026-07-27,banco_nacional_de_bolivia,11.17,59450,116
2026-07-27,banco_nacional_de_bolivia,11.36,24307,133
2026-07-27,banco_nacional_de_bolivia,11.45,75000,1
2026-07-27,banco_nacional_de_bolivia,11.5,184378,1
2026-07-27,banco_prodem,11.27,22014,23
2026-07-27,banco_pyme_de_la_comunidad,11.37,5293,5
2026-07-27,banco_pyme_ecofuturo,10.97,350,4
2026-07-27,banco_solidario,10.8,12233,20
2026-07-27,banco_solidario,11.3,137009,2
2026-07-27,banco_solidario,11.35,94731,3
2026-07-27,banco_solidario,11.37,135404,2
2026-07-27,banco_solidario,11.4,46460,2
2026-07-27,banco_solidario,11.47,78165,2
2026-07-27,banco_solidario,11.5,227507,3
2026-07-27,banco_solidario,11.7,299880,1
2026-07-27,banco_solidario,11.75,100000,2
2026-07-27,banco_solidario,11.76,150000,1
2026-07-27,banco_union,11.13,6,1
2026-07-27,banco_union,11.37,53375,58
2026-07-28,banco_bisa,11.35,40346,9
2026-07-28,banco_bisa,11.44,117729,42
2026-07-28,banco_bisa,11.49,1300,1
2026-07-28,banco_bisa,11.54,40407,7
2026-07-28,banco_bisa,11.55,22040,1
2026-07-28,banco_bisa,11.6,103275,2
2026-07-28,banco_bisa,11.64,81621,1
2026-07-28,banco_bisa,11.65,301444,3
2026-07-28,banco_bisa,11.67,915200,1
2026-07-28,banco_bisa,11.69,169975,1
2026-07-28,banco_bisa,11.7,342550,2
2026-07-28,banco_bisa,11.75,1238602,7
2026-07-28,banco_bisa,11.78,70000,1
2026-07-28,banco_bisa,11.8,4000000,1
2026-07-28,banco_bisa,11.81,300000,1
2026-07-28,banco_bisa,11.87,999975,1
2026-07-28,banco_bisa,11.9,200000,1
2026-07-28,banco_de_credito,11.44,306175,22
2026-07-28,banco_de_credito,11.5,14867,1
2026-07-28,banco_de_credito,11.6,238321,6
2026-07-28,banco_de_credito,11.64,13949,36
2026-07-28,banco_de_credito,11.7,15000,1
2026-07-28,banco_de_credito,11.99,730000,2
2026-07-28,banco_de_la_nacion_argentina,11.44,6737,25
2026-07-28,banco_de_la_nacion_argentina,11.54,18070,1
2026-07-28,banco_economico,11.44,131937,33
2026-07-28,banco_economico,11.5,32000,1
2026-07-28,banco_economico,11.6,500000,1
2026-07-28,banco_economico,11.95,199990,1
2026-07-28,banco_economico,11.98,1000000,1
2026-07-28,banco_fie,11.44,3247,21
2026-07-28,banco_fie,11.74,21840,1
2026-07-28,banco_fie,12.0635,3000000,2
2026-07-28,banco_fortaleza,11.44,46,2
2026-07-28,banco_fortaleza,11.54,178,4
2026-07-28,banco_fortaleza,12.07,2000000,1
2026-07-28,banco_ganadero,9.63,16429,1
2026-07-28,banco_ganadero,9.7,103,1
2026-07-28,banco_ganadero,9.73,124999,1
2026-07-28,banco_ganadero,9.96,9251,1
2026-07-28,banco_ganadero,10.85,92,1
2026-07-28,banco_ganadero,10.9,999,1
2026-07-28,banco_ganadero,11.0,182,1
2026-07-28,banco_ganadero,11.13,175,1
2026-07-28,banco_ganadero,11.17,20,1
2026-07-28,banco_ganadero,11.21,183,1
2026-07-28,banco_ganadero,11.34,175925,151
2026-07-28,banco_ganadero,11.37,9148,29
2026-07-28,banco_ganadero,11.47,5,4
2026-07-28,banco_ganadero,11.54,977144,75
2026-07-28,banco_ganadero,11.66,112942,1
2026-07-28,banco_ganadero,11.7,4000000,2
2026-07-28,banco_ganadero,11.78,900000,1
2026-07-28,banco_ganadero,11.8,3325236,2
2026-07-28,banco_ganadero,11.93,669982,2
2026-07-28,banco_ganadero,11.95,22528,1
2026-07-28,banco_ganadero,11.98,1000000,1
2026-07-28,banco_mercantil_santa_cruz,11.33,1,2
2026-07-28,banco_mercantil_santa_cruz,11.34,182601,184
2026-07-28,banco_mercantil_santa_cruz,11.35,0,1
2026-07-28,banco_mercantil_santa_cruz,11.36,0,1
2026-07-28,banco_mercantil_santa_cruz,11.38,0,1
2026-07-28,banco_mercantil_santa_cruz,11.54,5213,3
2026-07-28,banco_mercantil_santa_cruz,11.59,150000,1
2026-07-28,banco_mercantil_santa_cruz,11.62,35835,1
2026-07-28,banco_mercantil_santa_cruz,11.64,50000,3
2026-07-28,banco_mercantil_santa_cruz,11.66,16575,2
2026-07-28,banco_mercantil_santa_cruz,11.7,724564,1
2026-07-28,banco_mercantil_santa_cruz,11.8,0,1
2026-07-28,banco_mercantil_santa_cruz,11.85,199895,1
2026-07-28,banco_mercantil_santa_cruz,12.0,1299812,3
2026-07-28,banco_mercantil_santa_cruz,12.01,999925,1
2026-07-28,banco_mercantil_santa_cruz,12.0331,1200000,1
2026-07-28,banco_nacional_de_bolivia,11.17,66,2
2026-07-28,banco_nacional_de_bolivia,11.25,1800,1
2026-07-28,banco_nacional_de_bolivia,11.34,275529,118
2026-07-28,banco_nacional_de_bolivia,11.42,13736,1
2026-07-28,banco_nacional_de_bolivia,11.44,5000,1
2026-07-28,banco_nacional_de_bolivia,11.53,57600,131
2026-07-28,banco_nacional_de_bolivia,11.54,530835,5
2026-07-28,banco_nacional_de_bolivia,11.55,100000,1
2026-07-28,banco_nacional_de_bolivia,11.576,18982,1
2026-07-28,banco_nacional_de_bolivia,11.6,1500000,2
2026-07-28,banco_nacional_de_bolivia,11.64,11280,1
2026-07-28,banco_prodem,11.44,5435,16
2026-07-28,banco_pyme_de_la_comunidad,11.54,426,3
2026-07-28,banco_pyme_ecofuturo,11.14,739,6
2026-07-28,banco_pyme_ecofuturo,11.21,41728,1
2026-07-28,banco_pyme_ecofuturo,11.43,200000,1
2026-07-28,banco_solidario,10.96,2991,25
2026-07-28,banco_solidario,11.0,2615,2
2026-07-28,banco_solidario,11.15,249200,2
2026-07-28,banco_solidario,11.45,5000,1
2026-07-28,banco_solidario,11.5,27960,1
2026-07-28,banco_solidario,11.6,563448,3
2026-07-28,banco_solidario,11.65,60901,1
2026-07-28,banco_solidario,11.76,150000,1
2026-07-28,banco_solidario,11.87,799880,3
2026-07-28,banco_solidario,11.9,699905,3
2026-07-28,banco_solidario,12.0,99820,1
2026-07-28,banco_union,11.37,200,1
2026-07-28,banco_union,11.54,41814,47
2026-07-29,banco_bisa,11.35,88950,10
2026-07-29,banco_bisa,11.7,100392,39
2026-07-29,banco_bisa,11.8,97701,6
2026-07-29,banco_bisa,11.81,7081,1
2026-07-29,banco_bisa,11.85,50000,1
2026-07-29,banco_bisa,11.88,1000000,1
2026-07-29,banco_bisa,11.9,754370,2
2026-07-29,banco_bisa,11.95,106517,1
2026-07-29,banco_bisa,12.0,455405,3
2026-07-29,banco_bisa,12.01,499975,1
2026-07-29,banco_bisa,12.02,200000,1
2026-07-29,banco_bisa,12.03,2488285,1
2026-07-29,banco_bisa,12.05,430000,2
2026-07-29,banco_bisa,12.1,2700000,2
2026-07-29,banco_de_credito,11.39,5947,1
2026-07-29,banco_de_credito,11.7,109156,29
2026-07-29,banco_de_credito,11.8,3477420,6
2026-07-29,banco_de_credito,11.82,1177456,1
2026-07-29,banco_de_credito,11.84,767729,1
2026-07-29,banco_de_credito,11.849,1294,1
2026-07-29,banco_de_credito,11.85,55987,3
2026-07-29,banco_de_credito,11.9,19491,43
2026-07-29,banco_de_credito,12.0,1574319,3
2026-07-29,banco_de_credito,12.05,25500,1
2026-07-29,banco_de_credito,12.15,999915,1
2026-07-29,banco_de_credito,12.25,999915,1
2026-07-29,banco_de_la_nacion_argentina,11.7,1291,13
2026-07-29,banco_de_la_nacion_argentina,11.8,26722,5
2026-07-29,banco_de_la_nacion_argentina,11.95,98000,1
2026-07-29,banco_economico,11.7,182946,46
2026-07-29,banco_economico,12.0,868774,4
2026-07-29,banco_economico,12.01,256982,1
2026-07-29,banco_fie,11.7,3769,27
2026-07-29,banco_fortaleza,9.0,75,1
2026-07-29,banco_fortaleza,10.3,1961,1
2026-07-29,banco_fortaleza,11.0,5000,1
2026-07-29,banco_fortaleza,11.7,700,1
2026-07-29,banco_fortaleza,11.75,152559,1
2026-07-29,banco_fortaleza,11.8,805,5
2026-07-29,banco_fortaleza,11.85,40852,1
2026-07-29,banco_fortaleza,11.9,67850,1
2026-07-29,banco_fortaleza,12.0,60000,1
2026-07-29,banco_ganadero,9.63,14993,1
2026-07-29,banco_ganadero,9.73,134116,1
2026-07-29,banco_ganadero,9.96,13743,1
2026-07-29,banco_ganadero,11.34,10,2
2026-07-29,banco_ganadero,11.37,9054,1
2026-07-29,banco_ganadero,11.54,4285,2
2026-07-29,banco_ganadero,11.6,156355,269
2026-07-29,banco_ganadero,11.64,3,2
2026-07-29,banco_ganadero,11.8,1004224,80
2026-07-29,banco_ganadero,11.8018,1,1
2026-07-29,banco_ganadero,11.9,600,1
2026-07-29,banco_ganadero,11.91,274577,1
2026-07-29,banco_ganadero,11.95,599880,1
2026-07-29,banco_ganadero,11.951,89960,1
2026-07-29,banco_ganadero,11.96,459459,1
2026-07-29,banco_ganadero,12.02,300000,1
2026-07-29,banco_ganadero,12.05,500000,1
2026-07-29,banco_ganadero,12.06,239997,1
2026-07-29,banco_mercantil_santa_cruz,11.59,0,1
2026-07-29,banco_mercantil_santa_cruz,11.6,367680,224
2026-07-29,banco_mercantil_santa_cruz,11.61,1,1
2026-07-29,banco_mercantil_santa_cruz,11.7,279915,1
2026-07-29,banco_mercantil_santa_cruz,11.75,29955,1
2026-07-29,banco_mercantil_santa_cruz,11.8,300000,1
2026-07-29,banco_mercantil_santa_cruz,11.83,25940,1
2026-07-29,banco_mercantil_santa_cruz,11.85,230884,1
2026-07-29,banco_mercantil_santa_cruz,11.92,53940,1
2026-07-29,banco_mercantil_santa_cruz,12.02,1999899,1
2026-07-29,banco_mercantil_santa_cruz,12.033,499940,1
2026-07-29,banco_nacional_de_bolivia,11.55,1700,1
2026-07-29,banco_nacional_de_bolivia,11.6,516029,115
2026-07-29,banco_nacional_de_bolivia,11.7,2455872,5
2026-07-29,banco_nacional_de_bolivia,11.715,149975,1
2026-07-29,banco_nacional_de_bolivia,11.79,75351,148
2026-07-29,banco_nacional_de_bolivia,11.8,9570310,10
2026-07-29,banco_prodem,11.7,25950,16
2026-07-29,banco_pyme_de_la_comunidad,11.8,6397,6
2026-07-29,banco_pyme_ecofuturo,11.4,102330,5
2026-07-29,banco_solidario,11.2,14905,1
2026-07-29,banco_solidario,11.21,11693,40
2026-07-29,banco_solidario,11.55,30000,1
2026-07-29,banco_solidario,11.7,22905,1
2026-07-29,banco_solidario,11.85,24905,1
2026-07-29,banco_solidario,11.87,95,1
2026-07-29,banco_solidario,11.9,79905,1
2026-07-29,banco_solidario,11.95,151388,2
2026-07-29,banco_solidario,11.952,55995,1
2026-07-29,banco_solidario,11.98,499980,1
2026-07-29,banco_solidario,12.15,99905,1
2026-07-29,banco_solidario,12.2,99905,1
2026-07-29,banco_union,11.8,113341,76
2026-07-30,banco_bisa,11.75,12865,6
2026-07-30,banco_bisa,11.79,85655,41
2026-07-30,banco_bisa,11.89,477784,7
2026-07-30,banco_bisa,11.9,86267,3
2026-07-30,banco_bisa,11.93,16799,1
2026-07-30,banco_bisa,11.95,150628,1
2026-07-30,banco_bisa,11.99,367901,3
2026-07-30,banco_bisa,12.0,199965,1
2026-07-30,banco_bisa,12.05,392351,3
2026-07-30,banco_bisa,12.07,200000,1
2026-07-30,banco_bisa,12.12,350000,2
2026-07-30,banco_bisa,12.15,1200000,2
2026-07-30,banco_bisa,12.18,500000,1
2026-07-30,banco_bisa,12.2,9199945,2
2026-07-30,banco_de_credito,11.79,62600,20
2026-07-30,banco_de_credito,11.8,49925,1
2026-07-30,banco_de_credito,11.89,52414,3
2026-07-30,banco_de_credito,11.9,24970,38
2026-07-30,banco_de_credito,11.95,100000,1
2026-07-30,banco_de_credito,11.99,175559,7
2026-07-30,banco_de_credito,12.0,8732,1
2026-07-30,banco_de_credito,12.05,163592,5
2026-07-30,banco_de_credito,12.1,528510,2
2026-07-30,banco_de_credito,12.2,2529800,4
2026-07-30,banco_de_credito,12.25,148345,1
2026-07-30,banco_de_credito,12.265,1000000,1
2026-07-30,banco_de_credito,12.35,999915,1
2026-07-30,banco_de_credito,12.4,1243904,3
2026-07-30,banco_de_la_nacion_argentina,11.79,15850,25
2026-07-30,banco_de_la_nacion_argentina,11.89,2011,6
2026-07-30,banco_economico,11.69,40978,46
2026-07-30,banco_economico,11.89,114940,2
2026-07-30,banco_fie,11.79,2470,22
2026-07-30,banco_fie,12.04,522910,1
2026-07-30,banco_fortaleza,11.7,33930,1
2026-07-30,banco_fortaleza,11.79,1054,5
2026-07-30,banco_fortaleza,11.89,8719,3
2026-07-30,banco_fortaleza,11.95,30415,1
2026-07-30,banco_fortaleza,12.0,4200,1
2026-07-30,banco_fortaleza,12.13,166000,1
2026-07-30,banco_fortaleza,12.4,1000000,1
2026-07-30,banco_ganadero,9.63,14420,1
2026-07-30,banco_ganadero,9.73,119433,1
2026-07-30,banco_ganadero,9.96,15291,1
2026-07-30,banco_ganadero,11.54,3425,1
2026-07-30,banco_ganadero,11.69,78901,165
2026-07-30,banco_ganadero,11.8,4197,19
2026-07-30,banco_ganadero,11.8899,20,1
2026-07-30,banco_ganadero,11.89,1131070,196
2026-07-30,banco_ganadero,11.8901,30,1
2026-07-30,banco_ganadero,11.951,89960,1
2026-07-30,banco_ganadero,11.99,1,1
2026-07-30,banco_ganadero,12.11,100000,1
2026-07-30,banco_ganadero,12.2,1100740,3
2026-07-30,banco_ganadero,12.22,3651023,2
2026-07-30,banco_ganadero,12.23,4500000,1
2026-07-30,banco_ganadero,12.25,399880,1
2026-07-30,banco_mercantil_santa_cruz,11.69,399578,262
2026-07-30,banco_mercantil_santa_cruz,11.7,0,1
2026-07-30,banco_mercantil_santa_cruz,11.95,199948,1
2026-07-30,banco_mercantil_santa_cruz,11.99,100000,2
2026-07-30,banco_mercantil_santa_cruz,12.0,381007,1
2026-07-30,banco_mercantil_santa_cruz,12.01,30733,1
2026-07-30,banco_mercantil_santa_cruz,12.05,468935,2
2026-07-30,banco_mercantil_santa_cruz,12.1,99945,1
2026-07-30,banco_mercantil_santa_cruz,12.145,334895,1
2026-07-30,banco_mercantil_santa_cruz,12.165,100000,1
2026-07-30,banco_mercantil_santa_cruz,12.18,160000,1
2026-07-30,banco_nacional_de_bolivia,11.64,1000,1
2026-07-30,banco_nacional_de_bolivia,11.69,384504,140
2026-07-30,banco_nacional_de_bolivia,11.79,18650,1
2026-07-30,banco_nacional_de_bolivia,11.88,52975,168
2026-07-30,banco_nacional_de_bolivia,11.89,1459,14
2026-07-30,banco_nacional_de_bolivia,12.05,1024813,1
2026-07-30,banco_prodem,11.79,11361,15
2026-07-30,banco_pyme_de_la_comunidad,11.89,5585,11
2026-07-30,banco_pyme_ecofuturo,11.49,660,3
2026-07-30,banco_solidario,11.3,6280,32
2026-07-30,banco_solidario,11.5,46894,6
2026-07-30,banco_solidario,11.6,5405,1
2026-07-30,banco_solidario,11.83,7732,2
2026-07-30,banco_solidario,11.98,44405,1
2026-07-30,banco_solidario,12.1,175600,2
2026-07-30,banco_solidario,12.15,20000,2
2026-07-30,banco_solidario,12.2,249960,3
2026-07-30,banco_union,11.54,10,1
2026-07-30,banco_union,11.89,373220,85
2026-07-30,banco_union,12.0,40000,1
2026-07-30,banco_union,12.25,500000,1
2026-07-31,banco_bisa,11.75,52357,9
2026-07-31,banco_bisa,12.0,25617,8
2026-07-31,banco_bisa,12.05,1025784,25
2026-07-31,banco_bisa,12.15,944954,10
2026-07-31,banco_bisa,12.2,2116623,3
2026-07-31,banco_bisa,12.25,1026404,2
2026-07-31,banco_bisa,12.26,1053278,2
2026-07-31,banco_bisa,12.275,1000000,1
2026-07-31,banco_de_credito,12.0,159979,3
2026-07-31,banco_de_credito,12.05,155654,39
2026-07-31,banco_de_credito,12.15,170632,60
2026-07-31,banco_de_credito,12.21,1600000,1
2026-07-31,banco_de_credito,12.25,2900,1
2026-07-31,banco_de_la_nacion_argentina,12.05,11139,27
2026-07-31,banco_de_la_nacion_argentina,12.15,53900,10
2026-07-31,banco_de_la_nacion_argentina,12.2,46000,1
2026-07-31,banco_economico,11.95,845472,143
2026-07-31,banco_economico,12.0,241599,1
2026-07-31,banco_economico,12.1,12000,1
2026-07-31,banco_economico,12.12,1500000,1
2026-07-31,banco_fie,12.05,91990,31
2026-07-31,banco_fie,12.21,399975,1
2026-07-31,banco_fie,12.25,60000,1
2026-07-31,banco_fortaleza,11.89,6342,1
2026-07-31,banco_fortaleza,11.9,33805,1
2026-07-31,banco_fortaleza,12.0,306827,2
2026-07-31,banco_fortaleza,12.05,200,1
2026-07-31,banco_fortaleza,12.15,4308,6
2026-07-31,banco_fortaleza,12.2,25500,2
2026-07-31,banco_fortaleza,12.3,200000,1
2026-07-31,banco_ganadero,9.63,22042,1
2026-07-31,banco_ganadero,9.73,132214,2
2026-07-31,banco_ganadero,9.96,18059,1
2026-07-31,banco_ganadero,11.89,12185,1
2026-07-31,banco_ganadero,11.95,997752,295
2026-07-31,banco_ganadero,12.0,2046400,2
2026-07-31,banco_ganadero,12.1,403340,2
2026-07-31,banco_ganadero,12.12,349975,1
2026-07-31,banco_ganadero,12.15,1531450,54
2026-07-31,banco_ganadero,12.2,2907304,4
2026-07-31,banco_ganadero,12.22,1306742,3
2026-07-31,banco_ganadero,12.25,199989,4
2026-07-31,banco_mercantil_santa_cruz,11.95,597485,297
2026-07-31,banco_mercantil_santa_cruz,11.97,0,1
2026-07-31,banco_mercantil_santa_cruz,12.1,499940,1
2026-07-31,banco_mercantil_santa_cruz,12.15,3808282,8
2026-07-31,banco_mercantil_santa_cruz,12.17,719458,4
2026-07-31,banco_mercantil_santa_cruz,12.18,33567,1
2026-07-31,banco_mercantil_santa_cruz,12.25,40000,2
2026-07-31,banco_nacional_de_bolivia,11.9,5983,1
2026-07-31,banco_nacional_de_bolivia,11.95,862197,218
2026-07-31,banco_nacional_de_bolivia,12.0,1000,1
2026-07-31,banco_nacional_de_bolivia,12.05,7100,4
2026-07-31,banco_nacional_de_bolivia,12.09,11800,1
2026-07-31,banco_nacional_de_bolivia,12.1,511649,3
2026-07-31,banco_nacional_de_bolivia,12.12,500000,1
2026-07-31,banco_nacional_de_bolivia,12.14,112827,168
2026-07-31,banco_nacional_de_bolivia,12.15,540501,5
2026-07-31,banco_nacional_de_bolivia,12.16,272056,2
2026-07-31,banco_nacional_de_bolivia,12.2,1470570,4
2026-07-31,banco_nacional_de_bolivia,12.215,799980,1
2026-07-31,banco_nacional_de_bolivia,12.3,1700000,1
2026-07-31,banco_prodem,12.05,76628,25
2026-07-31,banco_pyme_de_la_comunidad,12.15,26442,14
2026-07-31,banco_pyme_ecofuturo,11.75,289,4
2026-07-31,banco_pyme_ecofuturo,12.1,220000,1
2026-07-31,banco_solidario,11.5,70,1
2026-07-31,banco_solidario,11.54,17612,34
2026-07-31,banco_solidario,11.667,749905,1
2026-07-31,banco_solidario,11.7,51943,1
2026-07-31,banco_solidario,12.0,4905,1
2026-07-31,banco_solidario,12.08,14862,1
2026-07-31,banco_solidario,12.1,43680,2
2026-07-31,banco_solidario,12.11,317394,2
2026-07-31,banco_solidario,12.15,301930,3
2026-07-31,banco_solidario,12.166,691505,1
2026-07-31,banco_solidario,12.2,105059,3
2026-07-31,banco_solidario,12.21,463687,1
2026-07-31,banco_solidario,12.22,411240,2
2026-07-31,banco_union,12.15,1570157,233
2026-07-31,banco_union,12.3,500000,1
2026-08-03,banco_bisa,11.9,889506,6
2026-08-03,banco_bisa,11.9008,499965,1
2026-08-03,banco_bisa,11.93,45195,13
2026-08-03,banco_bisa,11.95,58737,3
2026-08-03,banco_bisa,12.0,803591,8
2026-08-03,banco_bisa,12.03,419377,32
2026-08-03,banco_bisa,12.05,99988,1
2026-08-03,banco_bisa,12.13,25141,2
2026-08-03,banco_de_credito,11.3,1000,1
2026-08-03,banco_de_credito,11.93,164702,19
2026-08-03,banco_de_credito,12.0,200630,6
2026-08-03,banco_de_credito,12.03,29757,113
2026-08-03,banco_de_credito,12.13,1580906,3
2026-08-03,banco_de_la_nacion_argentina,12.03,10325,28
2026-08-03,banco_de_la_nacion_argentina,12.13,93340,3
2026-08-03,banco_economico,11.6,92144,57
2026-08-03,banco_economico,12.0,1160000,3
2026-08-03,banco_fie,12.03,55907,40
2026-08-03,banco_fortaleza,12.0,21228,1
2026-08-03,banco_fortaleza,12.03,500,1
2026-08-03,banco_fortaleza,12.13,102030,2
2026-08-03,banco_fortaleza,12.312,999920,1
2026-08-03,banco_fortaleza,12.35,240000,1
2026-08-03,banco_fortaleza,12.36,141099,1
2026-08-03,banco_ganadero,9.63,21817,9
2026-08-03,banco_ganadero,9.73,226533,15
2026-08-03,banco_ganadero,9.96,26250,1
2026-08-03,banco_ganadero,11.37,132,1
2026-08-03,banco_ganadero,11.54,130,1
2026-08-03,banco_ganadero,11.8,239,1
2026-08-03,banco_ganadero,11.89,84,1
2026-08-03,banco_ganadero,12.13,1781917,78
2026-08-03,banco_ganadero,12.15,10654,6
2026-08-03,banco_ganadero,12.2,2500000,1
2026-08-03,banco_ganadero,12.25,1295724,2
2026-08-03,banco_mercantil_santa_cruz,11.93,897444,360
2026-08-03,banco_mercantil_santa_cruz,11.94,0,1
2026-08-03,banco_mercantil_santa_cruz,12.0,579880,2
2026-08-03,banco_mercantil_santa_cruz,12.05,500000,1
2026-08-03,banco_mercantil_santa_cruz,12.13,429141,5
2026-08-03,banco_mercantil_santa_cruz,12.15,499915,1
2026-08-03,banco_mercantil_santa_cruz,12.23,465785,8
2026-08-03,banco_nacional_de_bolivia,11.68,2900,1
2026-08-03,banco_nacional_de_bolivia,11.73,861114,302
2026-08-03,banco_nacional_de_bolivia,11.95,13000,1
2026-08-03,banco_nacional_de_bolivia,12.0,80000,1
2026-08-03,banco_nacional_de_bolivia,12.03,46813,1
2026-08-03,banco_nacional_de_bolivia,12.12,254583,152
2026-08-03,banco_nacional_de_bolivia,12.13,28483,5
2026-08-03,banco_nacional_de_bolivia,12.2,326723,3
2026-08-03,banco_nacional_de_bolivia,12.24,1144000,1
2026-08-03,banco_prodem,12.03,43765,36
2026-08-03,banco_pyme_de_la_comunidad,12.13,6283,6
2026-08-03,banco_pyme_ecofuturo,11.73,26160,11
2026-08-03,banco_solidario,11.52,4239,26
2026-08-03,banco_solidario,12.0,231000,1
2026-08-03,banco_solidario,12.05,10000,1
2026-08-03,banco_solidario,12.13,25438,2
2026-08-03,banco_solidario,12.15,699880,2
2026-08-03,banco_solidario,12.2,599725,2
2026-08-03,banco_solidario,12.23,7035,1
2026-08-03,banco_union,11.89,16,2
2026-08-03,banco_union,12.13,5233114,310
2026-08-03,banco_union,12.3,200000,1
2026-08-04,banco_bisa,11.88,3112502,81
2026-08-04,banco_bisa,11.9,570022,4
2026-08-04,banco_bisa,11.92,499975,1
2026-08-04,banco_bisa,11.921,1600000,1
2026-08-04,banco_bisa,11.93,20270,18
2026-08-04,banco_bisa,11.95,50433,1
2026-08-04,banco_bisa,11.98,31642,1
2026-08-04,banco_bisa,12.0,913295,15
2026-08-04,banco_bisa,12.03,6793,2
2026-08-04,banco_bisa,12.035,99999970,2
2026-08-04,banco_de_credito,11.88,224231,29
2026-08-04,banco_de_credito,11.92,499915,1
2026-08-04,banco_de_credito,11.93,99950,1
2026-08-04,banco_de_credito,11.95,463203,3
2026-08-04,banco_de_credito,12.0,439925,3
2026-08-04,banco_de_credito,12.08,30389,333
2026-08-04,banco_de_credito,12.1,199940,1
2026-08-04,banco_de_credito,12.17,6950,1
2026-08-04,banco_de_credito,12.18,25604,2
2026-08-04,banco_de_la_nacion_argentina,11.88,2333,10
2026-08-04,banco_de_la_nacion_argentina,12.08,200,1
2026-08-04,banco_economico,11.5,21021,48
2026-08-04,banco_economico,11.9,2052981,3
2026-08-04,banco_economico,11.95,1999978,2
2026-08-04,banco_economico,12.0,70000,1
2026-08-04,banco_fie,11.98,66948,24
2026-08-04,banco_fie,12.2,1000000,1
2026-08-04,banco_fortaleza,11.8,3165,1
2026-08-04,banco_fortaleza,11.9,17835,1
2026-08-04,banco_fortaleza,11.98,200,1
2026-08-04,banco_fortaleza,12.0,49962,1
2026-08-04,banco_fortaleza,12.08,265980,4
2026-08-04,banco_ganadero,9.73,219920,1
2026-08-04,banco_ganadero,9.96,26643,2
2026-08-04,banco_ganadero,10.5,32911,108
2026-08-04,banco_ganadero,10.7,9278,29
2026-08-04,banco_ganadero,11.0,9000,1
2026-08-04,banco_ganadero,11.75,41860,2
2026-08-04,banco_ganadero,11.8,384560,1
2026-08-04,banco_ganadero,11.88,3782,29
2026-08-04,banco_ganadero,11.9,541955,3
2026-08-04,banco_ganadero,11.93,499975,1
2026-08-04,banco_ganadero,11.95,1927183,3
2026-08-04,banco_ganadero,12.0,348545,1
2026-08-04,banco_ganadero,12.04,126,1
2026-08-04,banco_ganadero,12.0645,7080747,1
2026-08-04,banco_ganadero,12.08,2092808,551
2026-08-04,banco_ganadero,12.13,7734,25
2026-08-04,banco_ganadero,12.15,452,4
2026-08-04,banco_ganadero,12.18,12492,6
2026-08-04,banco_mercantil_santa_cruz,11.87,0,1
2026-08-04,banco_mercantil_santa_cruz,11.88,1774577,424
2026-08-04,banco_mercantil_santa_cruz,11.89,1,2
2026-08-04,banco_mercantil_santa_cruz,11.9,0,1
2026-08-04,banco_mercantil_santa_cruz,12.0,2241592,3
2026-08-04,banco_mercantil_santa_cruz,12.05,201724,3
2026-08-04,banco_mercantil_santa_cruz,12.08,957798,10
2026-08-04,banco_mercantil_santa_cruz,12.18,76000,1
2026-08-04,banco_nacional_de_bolivia,11.68,1406770,330
2026-08-04,banco_nacional_de_bolivia,11.73,24975,1
2026-08-04,banco_nacional_de_bolivia,11.88,12632,2
2026-08-04,banco_nacional_de_bolivia,11.98,999978,1
2026-08-04,banco_nacional_de_bolivia,12.0,2333234,7
2026-08-04,banco_nacional_de_bolivia,12.07,157374,196
2026-08-04,banco_nacional_de_bolivia,12.08,9924000,4
2026-08-04,banco_prodem,11.98,160064,72
2026-08-04,banco_pyme_de_la_comunidad,12.08,26452,18
2026-08-04,banco_pyme_ecofuturo,11.68,14353,9
2026-08-04,banco_solidario,11.48,17369,48
2026-08-04,banco_solidario,11.6,50350,1
2026-08-04,banco_solidario,11.9,29960,1
2026-08-04,banco_solidario,11.94,1599905,1
2026-08-04,banco_solidario,12.05,2655,1
2026-08-04,banco_solidario,12.08,1604191,2
2026-08-04,banco_solidario,12.1,20895,1
2026-08-04,banco_solidario,12.18,800,1
2026-08-04,banco_union,12.08,7705122,499
2026-08-04,banco_union,12.15,1012401,1
2026-08-05,banco_bisa,11.75,8058,3
2026-08-05,banco_bisa,11.82,1927474,79
2026-08-05,banco_bisa,11.83,1016300,1
2026-08-05,banco_bisa,11.84,619975,3
2026-08-05,banco_bisa,11.85,15004106,18
2026-08-05,banco_bisa,11.86,799980,2
2026-08-05,banco_bisa,11.865,99975,1
2026-08-05,banco_bisa,11.87,2616549,3
2026-08-05,banco_bisa,11.875,699975,2
2026-08-05,banco_bisa,11.88,1953084,19
2026-08-05,banco_bisa,11.9,5268862,6
2026-08-05,banco_bisa,11.92,1500,5
2026-08-05,banco_bisa,12.0,285535,14
2026-08-05,banco_bisa,12.02,22,3
2026-08-05,banco_de_credito,11.7,405450,1
2026-08-05,banco_de_credito,11.72,61896,24
2026-08-05,banco_de_credito,11.8,967431,5
2026-08-05,banco_de_credito,11.88,32072,1
2026-08-05,banco_de_credito,12.0,150000,1
2026-08-05,banco_de_credito,12.02,33900,377
2026-08-05,banco_de_la_nacion_argentina,11.82,13769,20
2026-08-05,banco_economico,11.4,35177,59
2026-08-05,banco_economico,11.8,136940,2
2026-08-05,banco_economico,11.85,499982,1
2026-08-05,banco_economico,11.9,588512,1
2026-08-05,banco_economico,11.92,700000,1
2026-08-05,banco_fie,11.92,8463,22
2026-08-05,banco_fie,12.05,155000,1
2026-08-05,banco_fie,12.08,50000,1
2026-08-05,banco_fortaleza,11.8,30000,1
2026-08-05,banco_fortaleza,11.9,70740,1
2026-08-05,banco_fortaleza,11.92,4233,9
2026-08-05,banco_fortaleza,12.02,92,5
2026-08-05,banco_ganadero,9.63,24731,1
2026-08-05,banco_ganadero,9.73,169831,5
2026-08-05,banco_ganadero,9.96,9447,1
2026-08-05,banco_ganadero,10.5,22430,79
2026-08-05,banco_ganadero,10.75,1018,1
2026-08-05,banco_ganadero,11.13,49,1
2026-08-05,banco_ganadero,11.4,40000,1
2026-08-05,banco_ganadero,11.54,107,1
2026-08-05,banco_ganadero,11.75,1103982,2
2026-08-05,banco_ganadero,11.82,449975,1
2026-08-05,banco_ganadero,11.85,336929,1
2026-08-05,banco_ganadero,11.875,1518613,1
2026-08-05,banco_ganadero,11.89,75,1
2026-08-05,banco_ganadero,11.9,4999932,5
2026-08-05,banco_ganadero,11.95,2811232,3
2026-08-05,banco_ganadero,12.02,1599446,54
2026-08-05,banco_ganadero,12.08,11366,21
2026-08-05,banco_ganadero,12.12,424,6
2026-08-05,banco_ganadero,12.13,7550,10
2026-08-05,banco_ganadero,12.15,123,1
2026-08-05,banco_ganadero,12.1799,253,1
2026-08-05,banco_mercantil_santa_cruz,11.49,1,1
2026-08-05,banco_mercantil_santa_cruz,11.52,580787,266
2026-08-05,banco_mercantil_santa_cruz,11.54,0,1
2026-08-05,banco_mercantil_santa_cruz,11.55,0,1
2026-08-05,banco_mercantil_santa_cruz,11.59,135703,1
2026-08-05,banco_mercantil_santa_cruz,11.62,100000,1
2026-08-05,banco_mercantil_santa_cruz,11.8,1349932,4
2026-08-05,banco_mercantil_santa_cruz,11.855,254895,1
2026-08-05,banco_mercantil_santa_cruz,11.862,269932,1
2026-08-05,banco_mercantil_santa_cruz,11.88,1199847,3
2026-08-05,banco_mercantil_santa_cruz,11.9,780000,1
2026-08-05,banco_mercantil_santa_cruz,11.92,4500,1
2026-08-05,banco_mercantil_santa_cruz,12.02,1500000,3
2026-08-05,banco_mercantil_santa_cruz,12.12,532000,2
2026-08-05,banco_nacional_de_bolivia,11.5,800000,1
2026-08-05,banco_nacional_de_bolivia,11.62,1633228,356
2026-08-05,banco_nacional_de_bolivia,11.72,42000,1
2026-08-05,banco_nacional_de_bolivia,11.82,20009,1
2026-08-05,banco_nacional_de_bolivia,11.88,75000,1
2026-08-05,banco_nacional_de_bolivia,12.0,249975,1
2026-08-05,banco_nacional_de_bolivia,12.01,191301,191
2026-08-05,banco_nacional_de_bolivia,12.02,771000,1
2026-08-05,banco_nacional_de_bolivia,12.12,257500,1
2026-08-05,banco_prodem,11.82,288044,85
2026-08-05,banco_pyme_de_la_comunidad,12.02,58829,12
2026-08-05,banco_pyme_ecofuturo,11.62,2714,5
2026-08-05,banco_solidario,11.42,89011,30
2026-08-05,banco_solidario,11.5,31083,5
2026-08-05,banco_solidario,11.6,91466,2
2026-08-05,banco_solidario,11.68,9334,1
2026-08-05,banco_solidario,11.7,39980,1
2026-08-05,banco_solidario,11.75,179709,3
2026-08-05,banco_solidario,11.8,303620,4
2026-08-05,banco_solidario,12.12,299600,2
2026-08-05,banco_solidario,12.15,99856,1
2026-08-05,banco_union,11.92,889618,163
2026-08-10,banco_bisa,11.66,2301413,58
2026-08-10,banco_bisa,11.7,2436885,7
2026-08-10,banco_bisa,11.71,30000,1
2026-08-10,banco_bisa,11.72,26715,1
2026-08-10,banco_bisa,11.73,24000,1
2026-08-10,banco_bisa,11.75,2341569,16
2026-08-10,banco_bisa,11.76,2154255,18
2026-08-10,banco_bisa,11.77,119975,1
2026-08-10,banco_bisa,11.78,699940,2
2026-08-10,banco_bisa,11.8,4253336,10
2026-08-10,banco_bisa,11.81,4000000,2
2026-08-10,banco_bisa,11.82,1000035,2
2026-08-10,banco_bisa,11.85,363948,1
2026-08-10,banco_de_credito,11.2,25000,1
2026-08-10,banco_de_credito,11.46,104074,14
2026-08-10,banco_de_credito,11.5,145788,5
2026-08-10,banco_de_credito,11.54,17877,1
2026-08-10,banco_de_credito,11.57,46651,1
2026-08-10,banco_de_credito,11.6,799940,2
2026-08-10,banco_de_credito,11.65,229940,1
2026-08-10,banco_de_credito,11.76,62130,3
2026-08-10,banco_de_credito,11.8,698629,2
2026-08-10,banco_de_credito,11.86,74396,455
2026-08-10,banco_de_credito,11.96,31200,1
2026-08-10,banco_de_la_nacion_argentina,11.36,1691,20
2026-08-10,banco_de_la_nacion_argentina,11.86,9825,2
2026-08-10,banco_economico,11.1,48413,63
2026-08-10,banco_fie,11.76,347302,18
2026-08-10,banco_fortaleza,10.0,10,1
2026-08-10,banco_fortaleza,11.0,900,3
2026-08-10,banco_fortaleza,11.65,13871,1
2026-08-10,banco_fortaleza,11.76,98,2
2026-08-10,banco_fortaleza,11.86,15188,4
2026-08-10,banco_ganadero,9.63,31200,2
2026-08-10,banco_ganadero,9.73,163254,3
2026-08-10,banco_ganadero,9.96,9530,1
2026-08-10,banco_ganadero,10.2,33220,105
2026-08-10,banco_ganadero,11.5,44000,1
2026-08-10,banco_ganadero,11.7,218262,2
2026-08-10,banco_ganadero,11.75,5549982,5
2026-08-10,banco_ganadero,11.78,264566,1
2026-08-10,banco_ganadero,11.8,365982,2
2026-08-10,banco_ganadero,11.82,2391223,4
2026-08-10,banco_ganadero,11.83,2000000,1
2026-08-10,banco_ganadero,11.85,6000000,2
2026-08-10,banco_ganadero,11.86,1509727,129
2026-08-10,banco_ganadero,11.88,6199856,2
2026-08-10,banco_ganadero,11.9,499975,1
2026-08-10,banco_ganadero,11.96,603,3
2026-08-10,banco_ganadero,12.0,1000000,1
2026-08-10,banco_ganadero,12.02,4286,8
2026-08-10,banco_ganadero,12.08,1552,4
2026-08-10,banco_ganadero,12.13,308,1
2026-08-10,banco_mercantil_santa_cruz,11.36,65042,198
2026-08-10,banco_mercantil_santa_cruz,11.37,0,1
2026-08-10,banco_mercantil_santa_cruz,11.545,100000,1
2026-08-10,banco_mercantil_santa_cruz,11.56,294720,2
2026-08-10,banco_mercantil_santa_cruz,11.6,360932,1
2026-08-10,banco_mercantil_santa_cruz,11.65,270736,3
2026-08-10,banco_mercantil_santa_cruz,11.75,478000,1
2026-08-10,banco_mercantil_santa_cruz,11.79,6224276,1
2026-08-10,banco_mercantil_santa_cruz,11.8,700000,2
2026-08-10,banco_mercantil_santa_cruz,11.86,600002,7
2026-08-10,banco_mercantil_santa_cruz,11.88,350000,1
2026-08-10,banco_mercantil_santa_cruz,11.96,9795,2
2026-08-10,banco_nacional_de_bolivia,11.46,1106529,357
2026-08-10,banco_nacional_de_bolivia,11.47,12458,1
2026-08-10,banco_nacional_de_bolivia,11.66,21775,1
2026-08-10,banco_nacional_de_bolivia,11.68,151,1
2026-08-10,banco_nacional_de_bolivia,11.76,112487,1
2026-08-10,banco_nacional_de_bolivia,11.795,119975,1
2026-08-10,banco_nacional_de_bolivia,11.85,59876,165
2026-08-10,banco_nacional_de_bolivia,11.86,1300003,4
2026-08-10,banco_nacional_de_bolivia,11.99,6150,2
2026-08-10,banco_prodem,11.66,349500,97
2026-08-10,banco_pyme_de_la_comunidad,11.86,47533,15
2026-08-10,banco_pyme_ecofuturo,11.46,3316,4
2026-08-10,banco_solidario,11.25,25789,3
2026-08-10,banco_solidario,11.26,100000,1
2026-08-10,banco_solidario,11.27,66634,57
2026-08-10,banco_solidario,11.3,122390,1
2026-08-10,banco_solidario,11.4,5443,7
2026-08-10,banco_solidario,11.44,119100,1
2026-08-10,banco_solidario,11.7,299810,1
2026-08-10,banco_solidario,11.77,15818,1
2026-08-10,banco_solidario,11.8,400000,1
2026-08-10,banco_union,11.36,248374,95
2026-08-10,banco_union,12.08,37,1
2026-08-11,banco_bisa,11.57,86752,69
2026-08-11,banco_bisa,11.66,90389,35
2026-08-11,banco_bisa,11.67,119309,10
2026-08-11,banco_bisa,11.68,40950,1
2026-08-11,banco_bisa,11.69,26646,1
2026-08-11,banco_bisa,11.7,1662274,6
2026-08-11,banco_bisa,11.71,899950,2
2026-08-11,banco_bisa,11.72,338411,2
2026-08-11,banco_bisa,11.725,58699980,2
2026-08-11,banco_bisa,11.73,250000,2
2026-08-11,banco_bisa,11.74,99983,1
2026-08-11,banco_bisa,11.75,6418282,30
2026-08-11,banco_bisa,11.76,634201,4
2026-08-11,banco_bisa,11.77,200003,4
2026-08-11,banco_bisa,11.82,2832230,1
2026-08-11,banco_bisa,11.9,56759,11
2026-08-11,banco_bisa,12.0,114622,12
2026-08-11,banco_de_credito,11.37,103285,24
2026-08-11,banco_de_credito,11.45,8712,1
2026-08-11,banco_de_credito,11.5,103682,3
2026-08-11,banco_de_credito,11.56,48331,2
2026-08-11,banco_de_credito,11.6,643000,1
2026-08-11,banco_de_credito,11.75,6002,1
2026-08-11,banco_de_credito,11.86,36018,324
2026-08-11,banco_de_credito,11.87,73915,2
2026-08-11,banco_de_credito,12.12,5000,1
2026-08-11,banco_de_credito,12.39,200,1
2026-08-11,banco_de_la_nacion_argentina,11.27,580,3
2026-08-11,banco_economico,11.2,31075,63
2026-08-11,banco_economico,11.5,4100,2
2026-08-11,banco_economico,11.6,509000,2
2026-08-11,banco_economico,11.86,174440,1
2026-08-11,banco_fie,11.67,609139,18
2026-08-11,banco_fie,11.8,299985,1
2026-08-11,banco_fortaleza,11.6,147535,3
2026-08-11,banco_fortaleza,11.67,723,4
2026-08-11,banco_fortaleza,11.77,170,1
2026-08-11,banco_ganadero,9.63,17280,1
2026-08-11,banco_ganadero,9.73,120453,1
2026-08-11,banco_ganadero,9.96,17429,1
2026-08-11,banco_ganadero,10.0,22160,90
2026-08-11,banco_ganadero,11.5,44804,1
2026-08-11,banco_ganadero,11.54,70,1
2026-08-11,banco_ganadero,11.62,1000000,1
2026-08-11,banco_ganadero,11.65,500000,4
2026-08-11,banco_ganadero,11.67,499980,1
2026-08-11,banco_ganadero,11.7,2241607,4
2026-08-11,banco_ganadero,11.72,134260,1
2026-08-11,banco_ganadero,11.74,1999975,1
2026-08-11,banco_ganadero,11.75,2499950,5
2026-08-11,banco_ganadero,11.76,1515460,2
2026-08-11,banco_ganadero,11.77,1209197,38
2026-08-11,banco_ganadero,11.86,21987,13
2026-08-11,banco_ganadero,11.87,9,8
2026-08-11,banco_ganadero,12.02,208,3
2026-08-11,banco_ganadero,12.13,493,2
2026-08-11,banco_mercantil_santa_cruz,11.27,329611,206
2026-08-11,banco_mercantil_santa_cruz,11.28,0,1
2026-08-11,banco_mercantil_santa_cruz,11.45,183643,1
2026-08-11,banco_mercantil_santa_cruz,11.6,189735,4
2026-08-11,banco_mercantil_santa_cruz,11.77,430697,8
2026-08-11,banco_nacional_de_bolivia,11.02,205406,135
2026-08-11,banco_nacional_de_bolivia,11.12,30000,1
2026-08-11,banco_nacional_de_bolivia,11.2,531,1
2026-08-11,banco_nacional_de_bolivia,11.27,20122,11
2026-08-11,banco_nacional_de_bolivia,11.3,61947,1
2026-08-11,banco_nacional_de_bolivia,11.37,46051,2
2026-08-11,banco_nacional_de_bolivia,11.5,300000,2
2026-08-11,banco_nacional_de_bolivia,11.57,57000,1
2026-08-11,banco_nacional_de_bolivia,11.76,188878,136
2026-08-11,banco_nacional_de_bolivia,11.77,236,1
2026-08-11,banco_prodem,11.57,409921,98
2026-08-11,banco_pyme_de_la_comunidad,11.77,8301,8
2026-08-11,banco_pyme_ecofuturo,11.37,200,1
2026-08-11,banco_solidario,11.18,15172,27
2026-08-11,banco_solidario,11.35,16833,1
2026-08-11,banco_solidario,11.5,399855,2
2026-08-11,banco_solidario,11.58,149905,1
2026-08-11,banco_solidario,11.6,35229,4
2026-08-11,banco_solidario,11.77,3499810,2
2026-08-11,banco_solidario,11.805,1549810,2
2026-08-11,banco_solidario,11.87,240455,5
2026-08-11,banco_union,10.5,510473,61
2026-08-11,banco_union,11.5,154842,1
2026-08-12,banco_bisa,11.51,122136,42
2026-08-12,banco_bisa,11.55,7580,2
2026-08-12,banco_bisa,11.56,17213,1
2026-08-12,banco_bisa,11.6,115053,3
2026-08-12,banco_bisa,11.61,74441,8
2026-08-12,banco_bisa,11.62,20000,1
2026-08-12,banco_bisa,11.65,738262,18
2026-08-12,banco_bisa,11.67,500000,1
2026-08-12,banco_bisa,11.685,466581,1
2026-08-12,banco_bisa,11.69,694765,2
2026-08-12,banco_bisa,11.7,8366913,13
2026-08-12,banco_bisa,11.71,500080,3
2026-08-12,banco_bisa,11.73,500000,1
2026-08-12,banco_bisa,11.75,163908,14
2026-08-12,banco_bisa,11.9,11272,7
2026-08-12,banco_bisa,12.0,19922,9
2026-08-12,banco_de_credito,11.31,70024,18
2026-08-12,banco_de_credito,11.45,26790,3
2026-08-12,banco_de_credito,11.5,432620,4
2026-08-12,banco_de_credito,11.6,299965,2
2026-08-12,banco_de_credito,11.65,860011,1
2026-08-12,banco_de_credito,11.7,3641469,3
2026-08-12,banco_de_credito,11.71,32135,333
2026-08-12,banco_de_credito,11.81,43000,1
2026-08-12,banco_de_credito,11.84,4400,3
2026-08-12,banco_de_credito,11.96,500000,1
2026-08-12,banco_de_la_nacion_argentina,11.21,1350,2
2026-08-12,banco_economico,11.4,121250,70
2026-08-12,banco_economico,11.45,100000,1
2026-08-12,banco_economico,11.5,10000,1
2026-08-12,banco_economico,11.55,299990,1
2026-08-12,banco_fie,11.61,54088,12
2026-08-12,banco_fie,11.67,90000,1
2026-08-12,banco_fie,11.74,43524,1
2026-08-12,banco_fortaleza,11.0,20,1
2026-08-12,banco_fortaleza,11.4,10000,1
2026-08-12,banco_fortaleza,11.5,290545,2
2026-08-12,banco_fortaleza,11.54,1500000,1
2026-08-12,banco_fortaleza,11.61,5039,5
2026-08-12,banco_fortaleza,11.71,2863,7
2026-08-12,banco_fortaleza,11.81,663403,1
2026-08-12,banco_ganadero,9.63,17276,1
2026-08-12,banco_ganadero,9.73,116243,2
2026-08-12,banco_ganadero,9.96,10122,1
2026-08-12,banco_ganadero,10.0,168209,103
2026-08-12,banco_ganadero,11.3,10000,1
2026-08-12,banco_ganadero,11.6,53209,1
2026-08-12,banco_ganadero,11.65,45820,1
2026-08-12,banco_ganadero,11.66,318982,1
2026-08-12,banco_ganadero,11.68,2225938,3
2026-08-12,banco_ganadero,11.695,2017557,1
2026-08-12,banco_ganadero,11.7,174524,1
2026-08-12,banco_ganadero,11.71,1205503,90
2026-08-12,banco_ganadero,11.73,999880,1
2026-08-12,banco_ganadero,11.751,1000000,2
2026-08-12,banco_ganadero,11.77,13004,38
2026-08-12,banco_ganadero,11.81,4,3
2026-08-12,banco_ganadero,11.86,5119,21
2026-08-12,banco_ganadero,11.9634,16,1
2026-08-12,banco_ganadero,12.02,42,1
2026-08-12,banco_ganadero,12.08,441,2
2026-08-12,banco_ganadero,12.15,465,1
2026-08-12,banco_mercantil_santa_cruz,11.21,128526,138
2026-08-12,banco_mercantil_santa_cruz,11.22,1,2
2026-08-12,banco_mercantil_santa_cruz,11.25,0,2
2026-08-12,banco_mercantil_santa_cruz,11.41,21510,1
2026-08-12,banco_mercantil_santa_cruz,11.58,212920,1
2026-08-12,banco_mercantil_santa_cruz,11.6,315000,1
2026-08-12,banco_mercantil_santa_cruz,11.68,600000,1
2026-08-12,banco_mercantil_santa_cruz,11.71,741197,3
2026-08-12,banco_mercantil_santa_cruz,11.755,3000000,2
2026-08-12,banco_mercantil_santa_cruz,11.81,28950,2
2026-08-12,banco_nacional_de_bolivia,10.96,340105,115
2026-08-12,banco_nacional_de_bolivia,11.0,1419,1
2026-08-12,banco_nacional_de_bolivia,11.2,1386,1
2026-08-12,banco_nacional_de_bolivia,11.21,30280,4
2026-08-12,banco_nacional_de_bolivia,11.25,14075,1
2026-08-12,banco_nacional_de_bolivia,11.31,800,1
2026-08-12,banco_nacional_de_bolivia,11.5,73807,1
2026-08-12,banco_nacional_de_bolivia,11.51,88945,2
2026-08-12,banco_nacional_de_bolivia,11.65,2405572,2
2026-08-12,banco_nacional_de_bolivia,11.67,4493,1
2026-08-12,banco_nacional_de_bolivia,11.7,102878,137
2026-08-12,banco_nacional_de_bolivia,11.71,359,4
2026-08-12,banco_nacional_de_bolivia,11.74,17861,2
2026-08-12,banco_nacional_de_bolivia,11.87,825,1
2026-08-12,banco_prodem,11.41,271193,69
2026-08-12,banco_pyme_de_la_comunidad,11.31,5000,2
2026-08-12,banco_pyme_de_la_comunidad,11.71,3462,6
2026-08-12,banco_solidario,11.12,9968,25
2026-08-12,banco_solidario,11.35,25000,1
2026-08-12,banco_solidario,11.5,30455,2
2026-08-12,banco_solidario,11.6,414728,2
2026-08-12,banco_solidario,11.71,32765,1
2026-08-12,banco_solidario,11.75,134224,1
2026-08-12,banco_union,10.5,41104,26
2026-08-12,banco_union,11.36,10077,4
2026-08-13,banco_bisa,11.35,1942,3
2026-08-13,banco_bisa,11.36,500000,2
2026-08-13,banco_bisa,11.46,93557,38
2026-08-13,banco_bisa,11.51,4422,2
2026-08-13,banco_bisa,11.55,14459,8
2026-08-13,banco_bisa,11.56,67018,9
2026-08-13,banco_bisa,11.6,235970,7
2026-08-13,banco_bisa,11.63,741808,3
2026-08-13,banco_bisa,11.64,1071729,4
2026-08-13,banco_bisa,11.65,1263909,16
2026-08-13,banco_bisa,11.66,4539378,14
2026-08-13,banco_bisa,11.665,3049925,4
2026-08-13,banco_bisa,11.68,1044436,1
2026-08-13,banco_bisa,11.75,115057,8
2026-08-13,banco_bisa,11.9,13638,4
2026-08-13,banco_bisa,12.0,13048,5
2026-08-13,banco_de_credito,9.86,6885,1
2026-08-13,banco_de_credito,11.26,51439,19
2026-08-13,banco_de_credito,11.4,29987,1
2026-08-13,banco_de_credito,11.46,29154,232
2026-08-13,banco_de_credito,11.5,704890,2
2026-08-13,banco_de_credito,11.58,89557,1
2026-08-13,banco_de_credito,11.66,2863397,6
2026-08-13,banco_de_credito,11.7,1000000,1
2026-08-13,banco_de_credito,11.79,5000,1
2026-08-13,banco_de_credito,11.99,712,1
2026-08-13,banco_de_la_nacion_argentina,11.16,788,4
2026-08-13,banco_de_la_nacion_argentina,11.55,145000,1
2026-08-13,banco_economico,11.4,585578,75
2026-08-13,banco_economico,11.42,206000,2
2026-08-13,banco_economico,11.43,140000,2
2026-08-13,banco_economico,11.45,133000,3
2026-08-13,banco_economico,11.5,79577,5
2026-08-13,banco_fie,11.56,12182,14
2026-08-13,banco_fie,11.6,50000,1
2026-08-13,banco_fie,11.67,15000,1
2026-08-13,banco_fortaleza,11.5,50000,1
2026-08-13,banco_fortaleza,11.53,50965,1
2026-08-13,banco_fortaleza,11.55,100000,1
2026-08-13,banco_fortaleza,11.56,4279,6
2026-08-13,banco_fortaleza,11.66,7003,6
2026-08-13,banco_ganadero,9.63,13760,1
2026-08-13,banco_ganadero,9.73,75995,1
2026-08-13,banco_ganadero,9.96,4231,1
2026-08-13,banco_ganadero,10.0,41234,78
2026-08-13,banco_ganadero,11.0,699,2
2026-08-13,banco_ganadero,11.5,78982,1
2026-08-13,banco_ganadero,11.61,2451208,1
2026-08-13,banco_ganadero,11.63,1725600,4
2026-08-13,banco_ganadero,11.66,974426,50
2026-08-13,banco_ganadero,11.68,399975,1
2026-08-13,banco_ganadero,11.71,6159,18
2026-08-13,banco_ganadero,11.76,3,5
2026-08-13,banco_ganadero,11.77,2502,6
2026-08-13,banco_ganadero,11.86,6002,11
2026-08-13,banco_ganadero,12.01,250,1
2026-08-13,banco_ganadero,12.13,708,3
2026-08-13,banco_mercantil_santa_cruz,11.16,26536,40
2026-08-13,banco_mercantil_santa_cruz,11.17,0,1
2026-08-13,banco_mercantil_santa_cruz,11.505,103396,2
2026-08-13,banco_mercantil_santa_cruz,11.51,167932,2
2026-08-13,banco_mercantil_santa_cruz,11.55,1217146,4
2026-08-13,banco_mercantil_santa_cruz,11.6,97030,2
2026-08-13,banco_mercantil_santa_cruz,11.64,499932,1
2026-08-13,banco_mercantil_santa_cruz,11.65,600000,1
2026-08-13,banco_mercantil_santa_cruz,11.66,4425997,127
2026-08-13,banco_mercantil_santa_cruz,11.695,259940,1
2026-08-13,banco_mercantil_santa_cruz,11.696,3000000,1
2026-08-13,banco_mercantil_santa_cruz,11.76,423200,2
2026-08-13,banco_nacional_de_bolivia,10.91,244357,194
2026-08-13,banco_nacional_de_bolivia,11.16,5970,8
2026-08-13,banco_nacional_de_bolivia,11.2,985,1
2026-08-13,banco_nacional_de_bolivia,11.6,865530,1
2026-08-13,banco_nacional_de_bolivia,11.62,500000,1
2026-08-13,banco_nacional_de_bolivia,11.65,251436,19
2026-08-13,banco_nacional_de_bolivia,11.66,1000000,1
2026-08-13,banco_nacional_de_bolivia,11.74,3483,1
2026-08-13,banco_prodem,11.36,177954,43
2026-08-13,banco_pyme_de_la_comunidad,11.26,4300,1
2026-08-13,banco_pyme_de_la_comunidad,11.51,2100,1
2026-08-13,banco_pyme_de_la_comunidad,11.66,7001,4
2026-08-13,banco_pyme_ecofuturo,11.26,1500,2
2026-08-13,banco_solidario,11.08,33351,31
2026-08-13,banco_solidario,11.55,18105,2
2026-08-13,banco_solidario,11.58,167124,1
2026-08-13,banco_solidario,11.6,2999880,1
2026-08-13,banco_solidario,11.76,63230,1
2026-08-13,banco_union,10.16,18225,28
2026-08-14,banco_bisa,11.35,810,3
2026-08-14,banco_bisa,11.42,61756,38
2026-08-14,banco_bisa,11.46,2058,1
2026-08-14,banco_bisa,11.49,82363,2
2026-08-14,banco_bisa,11.5,171303,3
2026-08-14,banco_bisa,11.52,92833,14
2026-08-14,banco_bisa,11.55,9187492,18
2026-08-14,banco_bisa,11.58,35000,1
2026-08-14,banco_bisa,11.6,977065,4
2026-08-14,banco_bisa,11.61,571705,1
2026-08-14,banco_bisa,11.62,1499975,3
2026-08-14,banco_bisa,11.65,42450,9
2026-08-14,banco_bisa,11.75,67573,12
2026-08-14,banco_bisa,11.9,3119,5
2026-08-14,banco_bisa,12.0,5166,9
2026-08-14,banco_de_credito,11.42,31099,306
2026-08-14,banco_de_credito,11.45,29950,1
2026-08-14,banco_de_credito,11.55,699950,2
2026-08-14,banco_de_credito,11.6,609990,3
2026-08-14,banco_de_credito,11.65,1519598,4
2026-08-14,banco_de_credito,11.72,150000,1
2026-08-14,banco_de_la_nacion_argentina,11.12,355,8
2026-08-14,banco_de_la_nacion_argentina,11.35,8000,1
2026-08-14,banco_de_la_nacion_argentina,11.5,23220,1
2026-08-14,banco_de_la_nacion_argentina,11.62,500,1
2026-08-14,banco_economico,11.3,13280,29
2026-08-14,banco_economico,11.4,123969,24
2026-08-14,banco_economico,11.55,645000,1
2026-08-14,banco_fie,11.42,81465,26
2026-08-14,banco_fie,11.65,1000000,1
2026-08-14,banco_fie,11.72,4987,1
2026-08-14,banco_fortaleza,10.0,103,2
2026-08-14,banco_fortaleza,11.4,46015,2
2026-08-14,banco_fortaleza,11.5,40000,1
2026-08-14,banco_fortaleza,11.52,4844,6
2026-08-14,banco_fortaleza,11.6,150000,1
2026-08-14,banco_fortaleza,11.62,218,4
2026-08-14,banco_ganadero,9.63,7531,1
2026-08-14,banco_ganadero,9.73,28389,2
2026-08-14,banco_ganadero,9.96,7208,1
2026-08-14,banco_ganadero,10.0,17665,83
2026-08-14,banco_ganadero,11.57,1254190,4
2026-08-14,banco_ganadero,11.58,4085671,1
2026-08-14,banco_ganadero,11.59,1690172,3
2026-08-14,banco_ganadero,11.595,1000000,1
2026-08-14,banco_ganadero,11.6,46429,1
2026-08-14,banco_ganadero,11.62,1021974,45
2026-08-14,banco_ganadero,11.635,2000000,1
2026-08-14,banco_ganadero,11.66,7314,20
2026-08-14,banco_ganadero,11.71,739,3
2026-08-14,banco_ganadero,11.72,1,1
2026-08-14,banco_ganadero,11.86,351,3
2026-08-14,banco_mercantil_santa_cruz,11.12,128091,145
2026-08-14,banco_mercantil_santa_cruz,11.13,0,1
2026-08-14,banco_mercantil_santa_cruz,11.2,0,1
2026-08-14,banco_mercantil_santa_cruz,11.3,18368,1
2026-08-14,banco_mercantil_santa_cruz,11.32,48160,2
2026-08-14,banco_mercantil_santa_cruz,11.42,3850,1
2026-08-14,banco_mercantil_santa_cruz,11.47,139707,2
2026-08-14,banco_mercantil_santa_cruz,11.5,39955,1
2026-08-14,banco_mercantil_santa_cruz,11.57,244888,1
2026-08-14,banco_mercantil_santa_cruz,11.601,1394131,8
2026-08-14,banco_mercantil_santa_cruz,11.61,499935,1
2026-08-14,banco_mercantil_santa_cruz,11.62,3007500,7
2026-08-14,banco_nacional_de_bolivia,10.55,1290,1
2026-08-14,banco_nacional_de_bolivia,11.12,287711,220
2026-08-14,banco_nacional_de_bolivia,11.42,101534,3
2026-08-14,banco_nacional_de_bolivia,11.52,264985,1
2026-08-14,banco_nacional_de_bolivia,11.61,2391,23
2026-08-14,banco_nacional_de_bolivia,11.65,499980,1
2026-08-14,banco_nacional_de_bolivia,11.69,1875,2
2026-08-14,banco_prodem,11.32,50458,24
2026-08-14,banco_pyme_ecofuturo,11.22,1,1
2026-08-14,banco_solidario,11.04,3621,24
2026-08-14,banco_solidario,11.4,139143,1
2026-08-14,banco_solidario,11.47,60008,1
2026-08-14,banco_solidario,11.5,51695,4
2026-08-14,banco_solidario,11.62,40000,1
2026-08-14,banco_solidario,11.72,76000,1
2026-08-14,banco_union,10.5,10019,24
2026-08-14,banco_union,11.72,49935,1
2026-08-17,banco_bisa,11.38,60167,24
2026-08-17,banco_bisa,11.4,10000,1
2026-08-17,banco_bisa,11.42,100,1
2026-08-17,banco_bisa,11.45,2421,4
2026-08-17,banco_bisa,11.47,27440,1
2026-08-17,banco_bisa,11.48,45124,10
2026-08-17,banco_bisa,11.5,534865,4
2026-08-17,banco_bisa,11.52,49875,1
2026-08-17,banco_bisa,11.54,16216,1
2026-08-17,banco_bisa,11.55,600000,2
2026-08-17,banco_bisa,11.56,1649408,7
2026-08-17,banco_bisa,11.565,699975,1
2026-08-17,banco_bisa,11.57,1801758,5
2026-08-17,banco_bisa,11.58,1,1
2026-08-17,banco_bisa,11.585,1000000,1
2026-08-17,banco_de_credito,11.18,84625,37
2026-08-17,banco_de_credito,11.38,28718,319
2026-08-17,banco_de_credito,11.45,120210,2
2026-08-17,banco_de_credito,11.5,40026,2
2026-08-17,banco_de_credito,11.55,239292,2
2026-08-17,banco_de_credito,11.58,266836,3
2026-08-17,banco_de_credito,11.62,31919,1
2026-08-17,banco_de_credito,11.64,1500000,1
2026-08-17,banco_de_credito,11.7,7056,2
2026-08-17,banco_de_credito,11.79,5020,2
2026-08-17,banco_de_la_nacion_argentina,11.08,2332,29
2026-08-17,banco_economico,11.25,33063,51
2026-08-17,banco_economico,11.5,299990,1
2026-08-17,banco_fie,11.38,72087,29
2026-08-17,banco_fie,11.52,90000,1
2026-08-17,banco_fie,11.57,78000,1
2026-08-17,banco_fortaleza,11.4,19930,1
2026-08-17,banco_fortaleza,11.48,10266,3
2026-08-17,banco_fortaleza,11.58,20,2
2026-08-17,banco_fortaleza,11.6,305258,1
2026-08-17,banco_ganadero,9.63,16674,1
2026-08-17,banco_ganadero,9.73,60247,1
2026-08-17,banco_ganadero,9.96,12888,1
2026-08-17,banco_ganadero,10.0,22534,75
2026-08-17,banco_ganadero,10.7,7237,1
2026-08-17,banco_ganadero,11.52,99980,1
2026-08-17,banco_ganadero,11.55,1186783,3
2026-08-17,banco_ganadero,11.56,75692,15
2026-08-17,banco_ganadero,11.5656,7299936,1
2026-08-17,banco_ganadero,11.57,1563297,4
2026-08-17,banco_ganadero,11.58,945069,48
2026-08-17,banco_ganadero,11.6,1000000,1
2026-08-17,banco_ganadero,11.62,2934,7
2026-08-17,banco_ganadero,11.64,349975,1
2026-08-17,banco_ganadero,11.66,1576,5
2026-08-17,banco_ganadero,11.77,221,1
2026-08-17,banco_ganadero,12.15,82,1
2026-08-17,banco_mercantil_santa_cruz,11.08,242554,145
2026-08-17,banco_mercantil_santa_cruz,11.09,1,2
2026-08-17,banco_mercantil_santa_cruz,11.18,2000,1
2026-08-17,banco_mercantil_santa_cruz,11.57,238450,2
2026-08-17,banco_mercantil_santa_cruz,11.58,1,1
2026-08-17,banco_mercantil_santa_cruz,11.6,1000000,1
2026-08-17,banco_mercantil_santa_cruz,11.62,2092696,1
2026-08-17,banco_mercantil_santa_cruz,11.68,216200,9
2026-08-17,banco_nacional_de_bolivia,11.02,52,1
2026-08-17,banco_nacional_de_bolivia,11.078,0,2
2026-08-17,banco_nacional_de_bolivia,11.08,342029,225
2026-08-17,banco_nacional_de_bolivia,11.1,0,2
2026-08-17,banco_nacional_de_bolivia,11.11,2000,1
2026-08-17,banco_nacional_de_bolivia,11.38,58432,3
2026-08-17,banco_nacional_de_bolivia,11.48,32112,1
2026-08-17,banco_nacional_de_bolivia,11.5,497500,2
2026-08-17,banco_nacional_de_bolivia,11.53,12882,1
2026-08-17,banco_nacional_de_bolivia,11.55,500000,1
2026-08-17,banco_nacional_de_bolivia,11.57,324,14
2026-08-17,banco_nacional_de_bolivia,11.575,863297,1
2026-08-17,banco_nacional_de_bolivia,11.58,15000,1
2026-08-17,banco_nacional_de_bolivia,11.6,87444,1
2026-08-17,banco_nacional_de_bolivia,11.65,20258,3
2026-08-17,banco_prodem,11.28,6305,24
2026-08-17,banco_pyme_de_la_comunidad,11.18,50,1
2026-08-17,banco_pyme_de_la_comunidad,11.58,197,1
2026-08-17,banco_pyme_ecofuturo,11.18,251,3
2026-08-17,banco_solidario,11.0,6925,34
2026-08-17,banco_solidario,11.2,1992,3
2026-08-17,banco_solidario,11.47,98144,1
2026-08-17,banco_solidario,11.5,49975,1
2026-08-17,banco_solidario,11.55,83505,1
2026-08-17,banco_solidario,11.58,49887,1
2026-08-17,banco_solidario,11.68,322709,2
2026-08-17,banco_union,10.16,16,1
2026-08-17,banco_union,10.5,58735,27
2026-08-18,banco_bisa,11.35,104585,30
2026-08-18,banco_bisa,11.38,10244,2
2026-08-18,banco_bisa,11.435,52755,1
2026-08-18,banco_bisa,11.45,158666,18
2026-08-18,banco_bisa,11.48,2048,1
2026-08-18,banco_bisa,11.49,9981,1
2026-08-18,banco_bisa,11.5,58821,2
2026-08-18,banco_bisa,11.51,910000,3
2026-08-18,banco_bisa,11.515,50049980,2
2026-08-18,banco_bisa,11.55,47762,10
2026-08-18,banco_bisa,11.65,6315,7
2026-08-18,banco_bisa,11.75,18808,7
2026-08-18,banco_bisa,11.9,575,2
2026-08-18,banco_bisa,12.0,6231,7
2026-08-18,banco_de_credito,11.15,138906,18
2026-08-18,banco_de_credito,11.5,46421,13
2026-08-18,banco_de_credito,11.52,414981,2
2026-08-18,banco_de_credito,11.53,79084,1
2026-08-18,banco_de_credito,11.55,536910,272
2026-08-18,banco_de_credito,11.6,300000,1
2026-08-18,banco_de_credito,11.7,513,6
2026-08-18,banco_de_credito,12.39,5415,1
2026-08-18,banco_de_la_nacion_argentina,11.05,2763,9
2026-08-18,banco_economico,11.25,67,1
2026-08-18,banco_economico,11.3,123685,37
2026-08-18,banco_economico,11.45,29981,1
2026-08-18,banco_economico,11.5,199975,1
2026-08-18,banco_economico,11.55,50000,1
2026-08-18,banco_fie,11.35,38732,15
2026-08-18,banco_fie,11.5,9855,2
2026-08-18,banco_fortaleza,11.0,14,1
2026-08-18,banco_fortaleza,11.45,4465,2
2026-08-18,banco_fortaleza,11.55,120202,5
2026-08-18,banco_ganadero,9.73,14095,1
2026-08-18,banco_ganadero,10.0,26616,50
2026-08-18,banco_ganadero,10.83,65000,1
2026-08-18,banco_ganadero,11.52,271982,1
2026-08-18,banco_ganadero,11.53,465407,32
2026-08-18,banco_ganadero,11.54,152017,1
2026-08-18,banco_ganadero,11.55,688067,57
2026-08-18,banco_ganadero,11.554,3000000,2
2026-08-18,banco_ganadero,11.57,1103050,2
2026-08-18,banco_ganadero,11.58,5661,12
2026-08-18,banco_ganadero,11.59,499975,1
2026-08-18,banco_ganadero,11.62,999,1
2026-08-18,banco_ganadero,11.65,4,3
2026-08-18,banco_ganadero,11.66,122,2
2026-08-18,banco_ganadero,11.71,85,1
2026-08-18,banco_ganadero,11.86,126,1
2026-08-18,banco_mercantil_santa_cruz,11.05,377936,152
2026-08-18,banco_mercantil_santa_cruz,11.06,1,1
2026-08-18,banco_mercantil_santa_cruz,11.07,10000,1
2026-08-18,banco_mercantil_santa_cruz,11.35,7800,3
2026-08-18,banco_mercantil_santa_cruz,11.45,14750,1
2026-08-18,banco_mercantil_santa_cruz,11.54,948012,2
2026-08-18,banco_mercantil_santa_cruz,11.55,2147,3
2026-08-18,banco_mercantil_santa_cruz,11.555,499940,1
2026-08-18,banco_mercantil_santa_cruz,11.575,1999949,1
2026-08-18,banco_mercantil_santa_cruz,11.65,300400,2
2026-08-18,banco_nacional_de_bolivia,11.05,24511,55
2026-08-18,banco_nacional_de_bolivia,11.08,1000,1
2026-08-18,banco_nacional_de_bolivia,11.15,3013,1
2026-08-18,banco_nacional_de_bolivia,11.35,96423,107
2026-08-18,banco_nacional_de_bolivia,11.45,306795,2
2026-08-18,banco_nacional_de_bolivia,11.525,87240,1
2026-08-18,banco_nacional_de_bolivia,11.53,1404365,1
2026-08-18,banco_nacional_de_bolivia,11.54,1580,22
2026-08-18,banco_nacional_de_bolivia,11.55,45206,4
2026-08-18,banco_nacional_de_bolivia,11.67,28640,3
2026-08-18,banco_nacional_de_bolivia,11.68,3425,1
2026-08-18,banco_prodem,11.25,12065,12
2026-08-18,banco_pyme_de_la_comunidad,11.15,1940,2
2026-08-18,banco_pyme_ecofuturo,11.15,2551,3
2026-08-18,banco_solidario,10.97,13561,26
2026-08-18,banco_solidario,11.4,49960,1
2026-08-18,banco_solidario,11.5,124970,2
2026-08-18,banco_solidario,11.52,3003178,1
2026-08-18,banco_solidario,11.55,194776,4
2026-08-18,banco_union,10.5,61103,37
2026-08-19,banco_bisa,11.22,3000,1
2026-08-19,banco_bisa,11.32,84279,44
2026-08-19,banco_bisa,11.35,161,1
2026-08-19,banco_bisa,11.4,6408,6
2026-08-19,banco_bisa,11.42,22659,6
2026-08-19,banco_bisa,11.45,81379,11
2026-08-19,banco_bisa,11.46,59950,2
2026-08-19,banco_bisa,11.48,56077,3
2026-08-19,banco_bisa,11.485,525000,1
2026-08-19,banco_bisa,11.49,291286,6
2026-08-19,banco_bisa,11.5,728708,9
2026-08-19,banco_bisa,11.51,3720635,5
2026-08-19,banco_bisa,11.515,6172808,2
2026-08-19,banco_bisa,11.52,1014133,2
2026-08-19,banco_bisa,11.55,22186,6
2026-08-19,banco_bisa,11.65,2537,5
2026-08-19,banco_bisa,11.75,13114,8
2026-08-19,banco_bisa,11.9,279,2
2026-08-19,banco_bisa,12.0,3758,4
2026-08-19,banco_de_credito,11.12,52095,18
2026-08-19,banco_de_credito,11.15,18000,1
2026-08-19,banco_de_credito,11.45,152917,2
2026-08-19,banco_de_credito,11.48,709810,3
2026-08-19,banco_de_credito,11.5,315965,3
2026-08-19,banco_de_credito,11.52,21885,301
2026-08-19,banco_de_credito,11.6,849705,1
2026-08-19,banco_de_credito,11.62,4,1
2026-08-19,banco_de_credito,11.68,5500,1
2026-08-19,banco_de_credito,11.79,5000,1
2026-08-19,banco_de_la_nacion_argentina,11.02,1711,10
2026-08-19,banco_de_la_nacion_argentina,11.4,15425,2
2026-08-19,banco_economico,11.32,19716,26
2026-08-19,banco_economico,11.5,350000,2
2026-08-19,banco_economico,11.55,620584,2
2026-08-19,banco_fie,11.32,7267,27
2026-08-19,banco_fie,11.52,209905,1
2026-08-19,banco_fortaleza,11.4,29000,1
2026-08-19,banco_fortaleza,11.42,9290,6
2026-08-19,banco_fortaleza,11.55,699975,1
2026-08-19,banco_ganadero,9.63,9216,1
2026-08-19,banco_ganadero,9.73,36214,1
2026-08-19,banco_ganadero,9.96,6861,2
2026-08-19,banco_ganadero,10.0,4254,47
2026-08-19,banco_ganadero,10.7,655,2
2026-08-19,banco_ganadero,11.32,16884,1
2026-08-19,banco_ganadero,11.5,51137,23
2026-08-19,banco_ganadero,11.52,835348,45
2026-08-19,banco_ganadero,11.55,381907,2
2026-08-19,banco_ganadero,11.56,1152688,3
2026-08-19,banco_ganadero,11.57,1675297,2
2026-08-19,banco_ganadero,11.58,1513,5
2026-08-19,banco_ganadero,11.66,34,1
2026-08-19,banco_ganadero,11.71,160,3
2026-08-19,banco_ganadero,11.86,76,1
2026-08-19,banco_mercantil_santa_cruz,11.0,0,3
2026-08-19,banco_mercantil_santa_cruz,11.01,4,2
2026-08-19,banco_mercantil_santa_cruz,11.02,141564,151
2026-08-19,banco_mercantil_santa_cruz,11.03,0,1
2026-08-19,banco_mercantil_santa_cruz,11.32,139431,3
2026-08-19,banco_mercantil_santa_cruz,11.42,58135,2
2026-08-19,banco_mercantil_santa_cruz,11.5,199940,1
2026-08-19,banco_mercantil_santa_cruz,11.51,6991749,2
2026-08-19,banco_mercantil_santa_cruz,11.52,820,1
2026-08-19,banco_mercantil_santa_cruz,11.53,100000,1
2026-08-19,banco_mercantil_santa_cruz,11.555,2000000,2
2026-08-19,banco_mercantil_santa_cruz,11.605,2280126,1
2026-08-19,banco_mercantil_santa_cruz,11.62,8100,2
2026-08-19,banco_nacional_de_bolivia,11.02,131,1
2026-08-19,banco_nacional_de_bolivia,11.32,261107,199
2026-08-19,banco_nacional_de_bolivia,11.333,0,1
2026-08-19,banco_nacional_de_bolivia,11.45,20000,1
2026-08-19,banco_nacional_de_bolivia,11.51,777,24
2026-08-19,banco_nacional_de_bolivia,11.52,1430,1
2026-08-19,banco_nacional_de_bolivia,11.64,16065,5
2026-08-19,banco_nacional_de_bolivia,11.68,10337,3
2026-08-19,banco_prodem,11.22,4698,15
2026-08-19,banco_pyme_de_la_comunidad,11.12,10000,3
2026-08-19,banco_pyme_ecofuturo,11.12,180,2
2026-08-19,banco_solidario,10.94,6728,31
2026-08-19,banco_solidario,11.4,65163,3
2026-08-19,banco_solidario,11.42,49960,1
2026-08-19,banco_solidario,11.49,109853,1
2026-08-19,banco_solidario,11.5,161108,4
2026-08-19,banco_solidario,11.52,5378,1
2026-08-19,banco_solidario,11.55,499980,1
2026-08-19,banco_union,10.5,446,18
2026-08-19,banco_union,11.47,79923,1
2026-08-20,banco_bisa,11.22,200,1
2026-08-20,banco_bisa,11.32,146724,30
2026-08-20,banco_bisa,11.35,537,2
2026-08-20,banco_bisa,11.4,31047,10
2026-08-20,banco_bisa,11.42,38146,3
2026-08-20,banco_bisa,11.45,34484,8
2026-08-20,banco_bisa,11.48,104616,2
2026-08-20,banco_bisa,11.5,226242,6
2026-08-20,banco_bisa,11.505,50000,1
2026-08-20,banco_bisa,11.51,553418,3
2026-08-20,banco_bisa,11.52,1348693,4
2026-08-20,banco_bisa,11.525,3536205,2
2026-08-20,banco_bisa,11.53,1350395,1
2026-08-20,banco_bisa,11.54,500000,1
2026-08-20,banco_bisa,11.55,6783,4
2026-08-20,banco_bisa,11.65,1795,4
2026-08-20,banco_bisa,11.75,3271,6
2026-08-20,banco_bisa,11.9,6759,3
2026-08-20,banco_bisa,12.0,96,2
2026-08-20,banco_de_credito,11.12,49333,15
2026-08-20,banco_de_credito,11.3,7057,1
2026-08-20,banco_de_credito,11.32,19140,1
2026-08-20,banco_de_credito,11.48,68323,4
2026-08-20,banco_de_credito,11.5,1061954,9
2026-08-20,banco_de_credito,11.51,61236,1
2026-08-20,banco_de_credito,11.52,26562,306
2026-08-20,banco_de_credito,11.54,729780,4
2026-08-20,banco_de_credito,11.55,500000,1
2026-08-20,banco_de_credito,11.56,1000000,1
2026-08-20,banco_de_credito,11.64,5500,1
2026-08-20,banco_de_credito,11.75,3720,1
2026-08-20,banco_de_la_nacion_argentina,11.02,1321,14
2026-08-20,banco_de_la_nacion_argentina,11.4,30000,1
2026-08-20,banco_de_la_nacion_argentina,11.52,89000,1
2026-08-20,banco_economico,11.42,21711,40
2026-08-20,banco_economico,11.52,23309,2
2026-08-20,banco_economico,11.53,152521,1
2026-08-20,banco_economico,11.54,500000,1
2026-08-20,banco_economico,11.55,100000,1
2026-08-20,banco_economico,11.58,694785,1
2026-08-20,banco_fie,11.32,14575,20
2026-08-20,banco_fortaleza,10.0,198,1
2026-08-20,banco_fortaleza,10.5,21,1
2026-08-20,banco_fortaleza,11.47,97535,1
2026-08-20,banco_fortaleza,11.52,332,6
2026-08-20,banco_ganadero,9.63,16394,1
2026-08-20,banco_ganadero,9.73,33998,1
2026-08-20,banco_ganadero,9.96,4996,1
2026-08-20,banco_ganadero,10.0,11031,40
2026-08-20,banco_ganadero,11.45,30000,1
2026-08-20,banco_ganadero,11.5,73673,24
2026-08-20,banco_ganadero,11.52,3040333,52
2026-08-20,banco_ganadero,11.525,100000,1
2026-08-20,banco_ganadero,11.53,216716,1
2026-08-20,banco_ganadero,11.54,3100000,3
2026-08-20,banco_ganadero,11.55,453951,10
2026-08-20,banco_ganadero,11.56,351109,1
2026-08-20,banco_ganadero,11.58,1641,3
2026-08-20,banco_ganadero,11.62,112,1
2026-08-20,banco_ganadero,11.77,392,1
2026-08-20,banco_ganadero,11.86,384,1
2026-08-20,banco_mercantil_santa_cruz,11.01,3,4
2026-08-20,banco_mercantil_santa_cruz,11.02,280315,156
2026-08-20,banco_mercantil_santa_cruz,11.42,1302630,3
2026-08-20,banco_mercantil_santa_cruz,11.51,1679540,3
2026-08-20,banco_mercantil_santa_cruz,11.511,129572,1
2026-08-20,banco_mercantil_santa_cruz,11.52,75000,2
2026-08-20,banco_mercantil_santa_cruz,11.54,13140,1
2026-08-20,banco_mercantil_santa_cruz,11.62,268440,7
2026-08-20,banco_nacional_de_bolivia,11.294,0,1
2026-08-20,banco_nacional_de_bolivia,11.32,379645,212
2026-08-20,banco_nacional_de_bolivia,11.323,1,1
2026-08-20,banco_nacional_de_bolivia,11.33,5900,1
2026-08-20,banco_nacional_de_bolivia,11.4,186177,3
2026-08-20,banco_nacional_de_bolivia,11.42,23000,1
2026-08-20,banco_nacional_de_bolivia,11.44,55031,1
2026-08-20,banco_nacional_de_bolivia,11.48,34929,1
2026-08-20,banco_nacional_de_bolivia,11.51,37565,17
2026-08-20,banco_nacional_de_bolivia,11.52,816359,6
2026-08-20,banco_nacional_de_bolivia,11.525,999980,1
2026-08-20,banco_nacional_de_bolivia,11.53,1999975,3
2026-08-20,banco_nacional_de_bolivia,11.54,499975,1
2026-08-20,banco_nacional_de_bolivia,11.65,466,1
2026-08-20,banco_prodem,11.22,13867,18
2026-08-20,banco_pyme_de_la_comunidad,11.12,1104,5
2026-08-20,banco_solidario,10.94,4939,17
2026-08-20,banco_solidario,11.2,105,1
2026-08-20,banco_solidario,11.5,66305,2
2026-08-20,banco_solidario,11.52,211195,4
2026-08-20,banco_solidario,11.581,2906752,3
2026-08-20,banco_union,10.5,1896,26
2026-08-20,banco_union,11.47,85235,1
2026-08-21,banco_bisa,11.3,5260,5
2026-08-21,banco_bisa,11.32,219065,49
2026-08-21,banco_bisa,11.38,19954,1
2026-08-21,banco_bisa,11.4,43261,13
2026-08-21,banco_bisa,11.42,8870,5
2026-08-21,banco_bisa,11.45,52360,8
2026-08-21,banco_bisa,11.46,59480,3
2026-08-21,banco_bisa,11.47,179988,2
2026-08-21,banco_bisa,11.48,247328,3
2026-08-21,banco_bisa,11.49,1069965,1
2026-08-21,banco_bisa,11.5,267520,7
2026-08-21,banco_bisa,11.51,44624,2
2026-08-21,banco_bisa,11.52,604965,3
2026-08-21,banco_bisa,11.53,200000,1
2026-08-21,banco_bisa,11.54,68111,1
2026-08-21,banco_bisa,11.55,747496,12
2026-08-21,banco_bisa,11.555,500000,1
2026-08-21,banco_bisa,11.56,147983,1
2026-08-21,banco_bisa,11.57,573780,1
2026-08-21,banco_bisa,11.65,2580,7
2026-08-21,banco_bisa,11.75,2957,3
2026-08-21,banco_bisa,11.9,491,6
2026-08-21,banco_bisa,12.0,418,4
2026-08-21,banco_de_credito,11.12,3000,1
2026-08-21,banco_de_credito,11.3,300000,1
2026-08-21,banco_de_credito,11.42,14500,1
2026-08-21,banco_de_credito,11.51,276925,1
2026-08-21,banco_de_credito,11.52,127241,328
2026-08-21,banco_de_credito,11.555,1142030,2
2026-08-21,banco_de_la_nacion_argentina,11.02,1706,12
2026-08-21,banco_de_la_nacion_argentina,11.4,30000,1
2026-08-21,banco_de_la_nacion_argentina,11.52,100,1
2026-08-21,banco_de_la_nacion_argentina,11.62,30,1
2026-08-21,banco_economico,11.5,57404,42
2026-08-21,banco_economico,11.53,499982,1
2026-08-21,banco_fie,11.32,149951,27
2026-08-21,banco_fortaleza,11.42,4597,2
2026-08-21,banco_fortaleza,11.48,54289,1
2026-08-21,banco_fortaleza,11.52,5003,2
2026-08-21,banco_ganadero,9.63,20400,1
2026-08-21,banco_ganadero,9.73,68500,1
2026-08-21,banco_ganadero,9.96,2951,2
2026-08-21,banco_ganadero,10.0,9292,78
2026-08-21,banco_ganadero,11.0,3775,1
2026-08-21,banco_ganadero,11.3128,16,1
2026-08-21,banco_ganadero,11.5,87956,24
2026-08-21,banco_ganadero,11.51,147721,1
2026-08-21,banco_ganadero,11.52,1600120,44
2026-08-21,banco_ganadero,11.54,2394657,5
2026-08-21,banco_ganadero,11.545,1162982,1
2026-08-21,banco_ganadero,11.55,301,1
2026-08-21,banco_ganadero,11.58,754,4
2026-08-21,banco_ganadero,11.62,23,5
2026-08-21,banco_ganadero,11.66,2230,1
2026-08-21,banco_mercantil_santa_cruz,11.0,0,1
2026-08-21,banco_mercantil_santa_cruz,11.02,139794,182
2026-08-21,banco_mercantil_santa_cruz,11.03,1,2
2026-08-21,banco_mercantil_santa_cruz,11.12,5019,5
2026-08-21,banco_mercantil_santa_cruz,11.45,21000,1
2026-08-21,banco_mercantil_santa_cruz,11.51,199932,1
2026-08-21,banco_mercantil_santa_cruz,11.515,235696,2
2026-08-21,banco_mercantil_santa_cruz,11.56,399915,1
2026-08-21,banco_mercantil_santa_cruz,11.58,199940,1
2026-08-21,banco_mercantil_santa_cruz,11.62,38620,2
2026-08-21,banco_mercantil_santa_cruz,12.08,5458,1
2026-08-21,banco_nacional_de_bolivia,11.32,446417,209
2026-08-21,banco_nacional_de_bolivia,11.42,11842,1
2026-08-21,banco_nacional_de_bolivia,11.51,1083100,24
2026-08-21,banco_nacional_de_bolivia,11.52,14000,2
2026-08-21,banco_nacional_de_bolivia,11.64,6936,3
2026-08-21,banco_prodem,11.22,8319,22
2026-08-21,banco_pyme_de_la_comunidad,11.12,1029,2
2026-08-21,banco_solidario,10.94,6362,24
2026-08-21,banco_solidario,11.3,5,1
2026-08-21,banco_solidario,11.5,19805,1
2026-08-21,banco_solidario,11.52,90303,3
2026-08-21,banco_solidario,11.541,199983,1
2026-08-21,banco_solidario,11.55,556337,4
2026-08-21,banco_solidario,11.552,649905,1
2026-08-21,banco_solidario,11.581,99905,1
2026-08-21,banco_union,10.5,3765,18
2026-08-24,banco_bisa,11.3,52313,49
2026-08-24,banco_bisa,11.32,7500,1
2026-08-24,banco_bisa,11.4,7311,8
2026-08-24,banco_bisa,11.48,10896,2
2026-08-24,banco_bisa,11.49,34950,1
2026-08-24,banco_bisa,11.5,972921,14
2026-08-24,banco_bisa,11.52,243328,2
2026-08-24,banco_bisa,11.53,300000,1
2026-08-24,banco_bisa,11.55,200000,1
2026-08-24,banco_bisa,11.578,200000,1
2026-08-24,banco_bisa,11.6,1548131,1
2026-08-24,banco_de_credito,11.3,101369,13
2026-08-24,banco_de_credito,11.5,128219,330
2026-08-24,banco_de_credito,11.51,116188,1
2026-08-24,banco_de_credito,11.55,64298,1
2026-08-24,banco_de_credito,11.6,504400,2
2026-08-24,banco_de_la_nacion_argentina,11.0,4717,26
2026-08-24,banco_economico,11.5,56658,44
2026-08-24,banco_economico,11.58,421232,2
2026-08-24,banco_economico,11.59,2000000,1
2026-08-24,banco_fie,11.3,13440,18
2026-08-24,banco_fie,11.57,80000,1
2026-08-24,banco_fortaleza,11.0,3002,2
2026-08-24,banco_fortaleza,11.3,4600,1
2026-08-24,banco_fortaleza,11.4,915,3
2026-08-24,banco_fortaleza,11.5,1619,4
2026-08-24,banco_fortaleza,11.6,500000,1
2026-08-24,banco_ganadero,9.63,23640,1
2026-08-24,banco_ganadero,9.73,49657,1
2026-08-24,banco_ganadero,9.96,5201,1
2026-08-24,banco_ganadero,10.0,22264,77
2026-08-24,banco_ganadero,11.48,103951,31
2026-08-24,banco_ganadero,11.5,1049147,33
2026-08-24,banco_ganadero,11.52,1445,10
2026-08-24,banco_ganadero,11.54,3313327,1
2026-08-24,banco_ganadero,11.57,500754,1
2026-08-24,banco_ganadero,11.58,164,1
2026-08-24,banco_ganadero,11.583,3000000,1
2026-08-24,banco_ganadero,11.6,10,5
2026-08-24,banco_ganadero,11.62,199975,1
2026-08-24,banco_mercantil_santa_cruz,11.0,552777,227
2026-08-24,banco_mercantil_santa_cruz,11.02,4726,1
2026-08-24,banco_mercantil_santa_cruz,11.4,15750,1
2026-08-24,banco_mercantil_santa_cruz,11.51,52040,1
2026-08-24,banco_mercantil_santa_cruz,11.53,310570,1
2026-08-24,banco_mercantil_santa_cruz,11.6,200000,1
2026-08-24,banco_nacional_de_bolivia,11.01,127,1
2026-08-24,banco_nacional_de_bolivia,11.3,197960,239
2026-08-24,banco_nacional_de_bolivia,11.4,69609,3
2026-08-24,banco_nacional_de_bolivia,11.49,680,20
2026-08-24,banco_nacional_de_bolivia,11.61,1500000,1
2026-08-24,banco_prodem,11.2,1339,10
2026-08-24,banco_pyme_de_la_comunidad,11.1,700,1
2026-08-24,banco_solidario,11.27,7816,31
2026-08-24,banco_solidario,11.52,29243,2
2026-08-24,banco_solidario,11.57,1000000,1
2026-08-24,banco_solidario,11.572,199880,1
2026-08-24,banco_solidario,11.6,500000,1
2026-08-24,banco_union,10.5,6970,33
2026-08-25,banco_bisa,11.3,34116,10
2026-08-25,banco_bisa,11.34,71968,29
2026-08-25,banco_bisa,11.4,19369,8
2026-08-25,banco_bisa,11.44,5342,3
2026-08-25,banco_bisa,11.45,48740,4
2026-08-25,banco_bisa,11.5,203122,19
2026-08-25,banco_bisa,11.52,48903,4
2026-08-25,banco_bisa,11.53,24999980,1
2026-08-25,banco_bisa,11.54,5,1
2026-08-25,banco_bisa,11.55,21775,6
2026-08-25,banco_bisa,11.65,3167,4
2026-08-25,banco_bisa,11.75,4420,4
2026-08-25,banco_bisa,12.0,1197,2
2026-08-25,banco_de_credito,11.44,230945,9
2026-08-25,banco_de_credito,11.54,53413,364
2026-08-25,banco_de_credito,11.55,70000,2
2026-08-25,banco_de_credito,11.6,117594,3
2026-08-25,banco_de_credito,11.62,499965,1
2026-08-25,banco_de_credito,11.635,549880,2
2026-08-25,banco_de_credito,11.65,293422,1
2026-08-25,banco_de_credito,11.7,500000,1
2026-08-25,banco_de_la_nacion_argentina,11.04,9644,17
2026-08-25,banco_de_la_nacion_argentina,11.54,200,1
2026-08-25,banco_economico,11.5,64948,52
2026-08-25,banco_economico,11.55,28600,1
2026-08-25,banco_economico,11.59,599980,1
2026-08-25,banco_economico,11.65,500000,1
2026-08-25,banco_fie,11.34,6999,23
2026-08-25,banco_fie,11.54,214905,1
2026-08-25,banco_fie,11.64,52975,1
2026-08-25,banco_fie,11.7,760077,1
2026-08-25,banco_fortaleza,11.0,1509,3
2026-08-25,banco_fortaleza,11.48,15805,1
2026-08-25,banco_fortaleza,11.52,64554,2
2026-08-25,banco_fortaleza,11.54,960,3
2026-08-25,banco_ganadero,9.63,12001,1
2026-08-25,banco_ganadero,9.73,55257,1
2026-08-25,banco_ganadero,9.96,6741,1
2026-08-25,banco_ganadero,10.0,18180,70
2026-08-25,banco_ganadero,10.8,6400,1
2026-08-25,banco_ganadero,11.49,29936,1
2026-08-25,banco_ganadero,11.5,5447,13
2026-08-25,banco_ganadero,11.52,65574,31
2026-08-25,banco_ganadero,11.54,802673,83
2026-08-25,banco_ganadero,11.57,1140576,3
2026-08-25,banco_ganadero,11.6,999975,1
2026-08-25,banco_ganadero,11.63,773633,1
2026-08-25,banco_ganadero,11.64,3,3
2026-08-25,banco_ganadero,11.65,957580,3
2026-08-25,banco_ganadero,11.75,388541,1
2026-08-25,banco_mercantil_santa_cruz,11.0,0,3
2026-08-25,banco_mercantil_santa_cruz,11.03,0,1
2026-08-25,banco_mercantil_santa_cruz,11.04,138371,227
2026-08-25,banco_mercantil_santa_cruz,11.05,0,1
2026-08-25,banco_mercantil_santa_cruz,11.06,0,1
2026-08-25,banco_mercantil_santa_cruz,11.34,35886,3
2026-08-25,banco_mercantil_santa_cruz,11.44,14750,1
2026-08-25,banco_mercantil_santa_cruz,11.5,8935,1
2026-08-25,banco_mercantil_santa_cruz,11.54,801,1
2026-08-25,banco_mercantil_santa_cruz,11.605,1784408,1
2026-08-25,banco_mercantil_santa_cruz,11.64,8300,2
2026-08-25,banco_mercantil_santa_cruz,11.76,3500000,2
2026-08-25,banco_mercantil_santa_cruz,11.805,1499920,1
2026-08-25,banco_nacional_de_bolivia,11.3,59,1
2026-08-25,banco_nacional_de_bolivia,11.34,286626,250
2026-08-25,banco_nacional_de_bolivia,11.35,0,1
2026-08-25,banco_nacional_de_bolivia,11.44,6606,1
2026-08-25,banco_nacional_de_bolivia,11.45,9775,1
2026-08-25,banco_nacional_de_bolivia,11.53,2846,19
2026-08-25,banco_nacional_de_bolivia,11.54,2,1
2026-08-25,banco_nacional_de_bolivia,11.565,386522,1
2026-08-25,banco_nacional_de_bolivia,11.573,499975,1
2026-08-25,banco_nacional_de_bolivia,11.64,408080,2
2026-08-25,banco_prodem,11.24,8352,11
2026-08-25,banco_pyme_de_la_comunidad,11.14,4,2
2026-08-25,banco_pyme_ecofuturo,11.14,1,1
2026-08-25,banco_solidario,11.31,18012,28
2026-08-25,banco_solidario,11.5,13246,7
2026-08-25,banco_solidario,11.54,39063,3
2026-08-25,banco_solidario,11.55,79864,3
2026-08-25,banco_solidario,11.57,157676,3
2026-08-25,banco_solidario,11.58,44280,2
2026-08-25,banco_solidario,11.6,21469,1
2026-08-25,banco_solidario,11.605,1028425,1
2026-08-25,banco_solidario,11.65,3794,1
2026-08-25,banco_union,10.5,3722,36
2026-08-26,banco_bisa,11.3,25525,8
2026-08-26,banco_bisa,11.32,2210,1
2026-08-26,banco_bisa,11.34,237,1
2026-08-26,banco_bisa,11.37,126276,62
2026-08-26,banco_bisa,11.4,4182,6
2026-08-26,banco_bisa,11.45,2322,5
2026-08-26,banco_bisa,11.47,9879,4
2026-08-26,banco_bisa,11.5,63529,13
2026-08-26,banco_bisa,11.55,8809,6
2026-08-26,banco_bisa,11.57,126496,7
2026-08-26,banco_bisa,11.6,54975,1
2026-08-26,banco_bisa,11.65,3101,2
2026-08-26,banco_bisa,11.66,100000,1
2026-08-26,banco_bisa,11.67,353985,1
2026-08-26,banco_bisa,11.68,82560,2
2026-08-26,banco_bisa,11.7,2746575,2
2026-08-26,banco_bisa,11.72,6900000,3
2026-08-26,banco_bisa,11.75,266,3
2026-08-26,banco_bisa,11.78,2123135,2
2026-08-26,banco_bisa,12.0,1530,1
2026-08-26,banco_bisa,12.83,16,1
2026-08-26,banco_de_credito,11.47,40144,13
2026-08-26,banco_de_credito,11.5,14130,1
2026-08-26,banco_de_credito,11.57,26656,1
2026-08-26,banco_de_credito,11.6,23816,353
2026-08-26,banco_de_credito,11.62,22308,2
2026-08-26,banco_de_credito,11.64,435800,2
2026-08-26,banco_de_credito,11.65,5360,1
2026-08-26,banco_de_credito,11.7,2657985,2
2026-08-26,banco_de_credito,11.74,499940,1
2026-08-26,banco_de_credito,11.8,500000,1
2026-08-26,banco_de_la_nacion_argentina,11.27,2372,24
2026-08-26,banco_de_la_nacion_argentina,11.57,6000,1
2026-08-26,banco_economico,11.5,14046,30
2026-08-26,banco_economico,11.65,353303,2
2026-08-26,banco_fie,11.37,6493,20
2026-08-26,banco_fie,11.7,500000,1
2026-08-26,banco_fie,11.835,799975,1
2026-08-26,banco_fortaleza,11.47,7,1
2026-08-26,banco_fortaleza,11.57,17326,2
2026-08-26,banco_fortaleza,11.58,52000,1
2026-08-26,banco_fortaleza,11.64,29000,1
2026-08-26,banco_ganadero,9.63,12011,1
2026-08-26,banco_ganadero,9.73,40056,1
2026-08-26,banco_ganadero,9.96,5118,1
2026-08-26,banco_ganadero,10.0,43434,53
2026-08-26,banco_ganadero,11.5,515,5
2026-08-26,banco_ganadero,11.54,9716,25
2026-08-26,banco_ganadero,11.55,77001,1
2026-08-26,banco_ganadero,11.5697,15,1
2026-08-26,banco_ganadero,11.57,950369,91
2026-08-26,banco_ganadero,11.6,187984,2
2026-08-26,banco_ganadero,11.65,8296744,2
2026-08-26,banco_ganadero,11.67,7,3
2026-08-26,banco_ganadero,11.73,934071,2
2026-08-26,banco_ganadero,11.75,220263,1
2026-08-26,banco_ganadero,11.76,4999921,1
2026-08-26,banco_ganadero,11.78,500000,1
2026-08-26,banco_mercantil_santa_cruz,11.05,0,1
2026-08-26,banco_mercantil_santa_cruz,11.07,176782,174
2026-08-26,banco_mercantil_santa_cruz,11.08,1,1
2026-08-26,banco_mercantil_santa_cruz,11.37,2000,1
2026-08-26,banco_mercantil_santa_cruz,11.47,35115,2
2026-08-26,banco_mercantil_santa_cruz,11.5,26965,1
2026-08-26,banco_mercantil_santa_cruz,11.52,6660,1
2026-08-26,banco_mercantil_santa_cruz,11.57,69828,1
2026-08-26,banco_mercantil_santa_cruz,11.67,270013,8
2026-08-26,banco_mercantil_santa_cruz,11.76,8026055,4
2026-08-26,banco_nacional_de_bolivia,11.0,2781,2
2026-08-26,banco_nacional_de_bolivia,11.57,237198,287
2026-08-26,banco_nacional_de_bolivia,11.65,998488,2
2026-08-26,banco_nacional_de_bolivia,11.761,3699975,1
2026-08-26,banco_prodem,11.27,6230,13
2026-08-26,banco_pyme_de_la_comunidad,11.17,600,2
2026-08-26,banco_pyme_ecofuturo,11.17,3,1
2026-08-26,banco_solidario,11.34,1908,32
2026-08-26,banco_solidario,11.56,15060,2
2026-08-26,banco_solidario,11.57,146798,3
2026-08-26,banco_solidario,11.58,4883,1
2026-08-26,banco_solidario,11.6,2405,1
2026-08-26,banco_solidario,11.61,23686,1
2026-08-26,banco_solidario,11.67,499975,1
2026-08-26,banco_solidario,11.68,32992,1
2026-08-26,banco_solidario,11.821,199905,1
2026-08-26,banco_union,10.5,5826,31
2026-08-27,banco_bisa,11.3,2360,3
2026-08-27,banco_bisa,11.4,751,3
2026-08-27,banco_bisa,11.45,5318,7
2026-08-27,banco_bisa,11.5,73099,11
2026-08-27,banco_bisa,11.51,81908,52
2026-08-27,banco_bisa,11.55,19951,11
2026-08-27,banco_bisa,11.61,15687,3
2026-08-27,banco_bisa,11.67,667477,1
2026-08-27,banco_bisa,11.68,4720,1
2026-08-27,banco_bisa,11.7,40000,1
2026-08-27,banco_bisa,11.71,58250,2
2026-08-27,banco_bisa,11.75,1491814,7
2026-08-27,banco_bisa,11.77,150000,1
2026-08-27,banco_bisa,11.79,500000,1
2026-08-27,banco_bisa,11.8,694435,3
2026-08-27,banco_bisa,11.81,38312,3
2026-08-27,banco_bisa,11.85,258675,2
2026-08-27,banco_bisa,11.9,70,2
2026-08-27,banco_bisa,11.95,56173,1
2026-08-27,banco_bisa,11.96,300000,1
2026-08-27,banco_bisa,11.98,100000,1
2026-08-27,banco_bisa,11.99,382087,1
2026-08-27,banco_bisa,12.0,140051,2
2026-08-27,banco_bisa,12.05,913975,1
2026-08-27,banco_bisa,12.1,620000,2
2026-08-27,banco_bisa,12.17,399975,1
2026-08-27,banco_de_credito,11.6,12740,1
2026-08-27,banco_de_credito,11.61,8013,8
2026-08-27,banco_de_credito,11.68,50000,1
2026-08-27,banco_de_credito,11.71,93534,336
2026-08-27,banco_de_credito,11.75,56086,1
2026-08-27,banco_de_credito,11.78,863615,1
2026-08-27,banco_de_credito,11.81,56000,1
2026-08-27,banco_de_credito,11.94,167,1
2026-08-27,banco_de_credito,11.95,1000000,1
2026-08-27,banco_de_credito,12.0,5750,2
2026-08-27,banco_de_la_nacion_argentina,11.41,35397,29
2026-08-27,banco_de_la_nacion_argentina,11.71,200,1
2026-08-27,banco_de_la_nacion_argentina,11.8,92000,1
2026-08-27,banco_de_la_nacion_argentina,11.85,499950,1
2026-08-27,banco_economico,11.71,438419,35
2026-08-27,banco_economico,11.75,406962,1
2026-08-27,banco_economico,11.9,422148,3
2026-08-27,banco_fie,11.51,10676,24
2026-08-27,banco_fie,11.6,80144,2
2026-08-27,banco_fie,11.95,149975,1
2026-08-27,banco_fortaleza,11.55,16563,1
2026-08-27,banco_fortaleza,11.61,1100,1
2026-08-27,banco_fortaleza,11.64,294969,1
2026-08-27,banco_fortaleza,11.65,20000,1
2026-08-27,banco_fortaleza,11.71,97,2
2026-08-27,banco_fortaleza,11.75,73330,3
2026-08-27,banco_ganadero,9.63,10301,1
2026-08-27,banco_ganadero,9.73,44002,1
2026-08-27,banco_ganadero,9.96,7220,1
2026-08-27,banco_ganadero,10.0,74574,139
2026-08-27,banco_ganadero,11.57,12298,19
2026-08-27,banco_ganadero,11.6,92787,2
2026-08-27,banco_ganadero,11.69,73076,19
2026-08-27,banco_ganadero,11.7,195259,2
2026-08-27,banco_ganadero,11.71,786681,133
2026-08-27,banco_ganadero,11.73,140780,1
2026-08-27,banco_ganadero,11.81,11,4
2026-08-27,banco_ganadero,11.85,8694921,5
2026-08-27,banco_ganadero,11.95,300000,1
2026-08-27,banco_mercantil_santa_cruz,11.07,5,1
2026-08-27,banco_mercantil_santa_cruz,11.21,137467,154
2026-08-27,banco_mercantil_santa_cruz,11.22,1,3
2026-08-27,banco_mercantil_santa_cruz,11.61,133065,3
2026-08-27,banco_mercantil_santa_cruz,11.7,109880,2
2026-08-27,banco_mercantil_santa_cruz,11.71,211837,3
2026-08-27,banco_mercantil_santa_cruz,11.8,343521,1
2026-08-27,banco_mercantil_santa_cruz,11.81,9450,1
2026-08-27,banco_mercantil_santa_cruz,11.815,1000000,1
2026-08-27,banco_mercantil_santa_cruz,11.825,454000,1
2026-08-27,banco_nacional_de_bolivia,11.51,1207,1
2026-08-27,banco_nacional_de_bolivia,11.62,100000,1
2026-08-27,banco_nacional_de_bolivia,11.645,349244,1
2026-08-27,banco_nacional_de_bolivia,11.71,448810,253
2026-08-27,banco_nacional_de_bolivia,11.81,322580,2
2026-08-27,banco_prodem,11.41,6719,19
2026-08-27,banco_pyme_de_la_comunidad,11.31,292,3
2026-08-27,banco_pyme_ecofuturo,11.31,1000,1
2026-08-27,banco_solidario,11.48,22396,57
2026-08-27,banco_solidario,11.55,425810,2
2026-08-27,banco_solidario,11.6,20200,2
2026-08-27,banco_solidario,11.61,1179,1
2026-08-27,banco_solidario,11.65,13405,1
2026-08-27,banco_solidario,11.701,140887,1
2026-08-27,banco_solidario,11.71,1167,1
2026-08-27,banco_solidario,11.8,83220,2
2026-08-27,banco_solidario,11.81,79625,2
2026-08-27,banco_solidario,11.98,59905,1
2026-08-27,banco_solidario,12.01,233843,1
2026-08-27,banco_solidario,12.06,99905,1
2026-08-27,banco_solidario,12.1,1399975,1
2026-08-27,banco_union,10.5,17444,16
2026-08-28,banco_bisa,11.4,37,2
2026-08-28,banco_bisa,11.45,866,2
2026-08-28,banco_bisa,11.5,32340,7
2026-08-28,banco_bisa,11.55,22891,10
2026-08-28,banco_bisa,11.6,5367,5
2026-08-28,banco_bisa,11.63,166726,46
2026-08-28,banco_bisa,11.65,195,3
2026-08-28,banco_bisa,11.67,7500,1
2026-08-28,banco_bisa,11.73,90922,15
2026-08-28,banco_bisa,11.75,26059,3
2026-08-28,banco_bisa,11.78,54980,2
2026-08-28,banco_bisa,11.83,168151,5
2026-08-28,banco_bisa,11.85,92600,2
2026-08-28,banco_bisa,11.88,17250,1
2026-08-28,banco_bisa,11.9,170000,2
2026-08-28,banco_bisa,11.91,22000,1
2026-08-28,banco_bisa,11.92,100000,1
2026-08-28,banco_bisa,11.93,1303307,4
2026-08-28,banco_bisa,12.0,299458,2
2026-08-28,banco_bisa,12.1,150000,1
2026-08-28,banco_bisa,12.17,603986,2
2026-08-28,banco_de_credito,11.66,3000,1
2026-08-28,banco_de_credito,11.69,445,1
2026-08-28,banco_de_credito,11.73,117001,25
2026-08-28,banco_de_credito,11.93,187000,1
2026-08-28,banco_de_credito,11.95,23642,348
2026-08-28,banco_de_credito,12.0,5514,2
2026-08-28,banco_de_credito,12.05,499965,1
2026-08-28,banco_de_credito,12.12,877602,2
2026-08-28,banco_de_credito,12.16,772711,1
2026-08-28,banco_de_credito,12.25,3300,1
2026-08-28,banco_de_la_nacion_argentina,11.53,9172,37
2026-08-28,banco_de_la_nacion_argentina,11.8,10000,1
2026-08-28,banco_de_la_nacion_argentina,11.83,30200,2
2026-08-28,banco_economico,11.73,55697,41
2026-08-28,banco_economico,11.75,793020,3
2026-08-28,banco_economico,12.0,357880,3
2026-08-28,banco_economico,12.1,69931,1
2026-08-28,banco_economico,12.16,14500,1
2026-08-28,banco_economico,12.19,800000,1
2026-08-28,banco_fie,11.63,2877,20
2026-08-28,banco_fortaleza,11.73,3000,1
2026-08-28,banco_fortaleza,11.83,594,2
2026-08-28,banco_fortaleza,11.93,15000,1
2026-08-28,banco_ganadero,9.63,8754,1
2026-08-28,banco_ganadero,9.73,35501,1
2026-08-28,banco_ganadero,9.96,4320,1
2026-08-28,banco_ganadero,10.0,31122,75
2026-08-28,banco_ganadero,11.54,234,3
2026-08-28,banco_ganadero,11.61,40000,1
2026-08-28,banco_ganadero,11.66,2007,1
2026-08-28,banco_ganadero,11.71,29075,11
2026-08-28,banco_ganadero,11.8,55680,1
2026-08-28,banco_ganadero,11.81,71428,13
2026-08-28,banco_ganadero,11.83,1495327,30
2026-08-28,banco_ganadero,11.85,44576,1
2026-08-28,banco_ganadero,11.93,2,2
2026-08-28,banco_ganadero,12.0,250000,1
2026-08-28,banco_ganadero,12.05,1123955,3
2026-08-28,banco_ganadero,12.1,299975,1
2026-08-28,banco_ganadero,12.11,570128,1
2026-08-28,banco_ganadero,12.13,500000,1
2026-08-28,banco_ganadero,12.22,399975,1
2026-08-28,banco_ganadero,12.25,927726,1
2026-08-28,banco_mercantil_santa_cruz,11.33,276431,250
2026-08-28,banco_mercantil_santa_cruz,11.42,735117,3
2026-08-28,banco_mercantil_santa_cruz,11.68,47880,1
2026-08-28,banco_mercantil_santa_cruz,11.83,1000000,10
2026-08-28,banco_mercantil_santa_cruz,11.93,41660,2
2026-08-28,banco_mercantil_santa_cruz,11.95,99945,1
2026-08-28,banco_mercantil_santa_cruz,12.05,525640,2
2026-08-28,banco_mercantil_santa_cruz,12.1,500000,1
2026-08-28,banco_nacional_de_bolivia,11.63,5349,2
2026-08-28,banco_nacional_de_bolivia,11.71,5000,2
2026-08-28,banco_nacional_de_bolivia,11.8,0,1
2026-08-28,banco_nacional_de_bolivia,11.83,1166019,261
2026-08-28,banco_nacional_de_bolivia,11.92,419415,3
2026-08-28,banco_prodem,11.53,633,9
2026-08-28,banco_pyme_de_la_comunidad,11.43,13836,7
2026-08-28,banco_pyme_ecofuturo,11.43,9,1
2026-08-28,banco_solidario,11.0,22,1
2026-08-28,banco_solidario,11.59,4742,27
2026-08-28,banco_solidario,11.73,5722,1
2026-08-28,banco_solidario,11.8,141925,3
2026-08-28,banco_solidario,11.83,36900,1
2026-08-28,banco_solidario,11.85,5934,3
2026-08-28,banco_solidario,11.9,37733,1
2026-08-28,banco_solidario,11.95,3630,1
2026-08-28,banco_solidario,12.0,134043,5
2026-08-28,banco_solidario,12.025,997975,1
2026-08-28,banco_solidario,12.06,607846,1
2026-08-28,banco_solidario,12.17,54405,1
2026-08-28,banco_solidario,12.19,589905,1
2026-08-28,banco_union,10.5,569358,22
2026-08-31,banco_bisa,11.63,1800,1
2026-08-31,banco_bisa,11.72,80085,61
2026-08-31,banco_bisa,11.75,5813,2
2026-08-31,banco_bisa,11.76,12980,1
2026-08-31,banco_bisa,11.8,36650,2
2026-08-31,banco_bisa,11.82,12800,4
2026-08-31,banco_bisa,11.87,113000,1
2026-08-31,banco_bisa,11.9,17435,3
2026-08-31,banco_bisa,11.92,250136,8
2026-08-31,banco_bisa,11.95,54120,3
2026-08-31,banco_bisa,11.96,119965,1
2026-08-31,banco_bisa,11.98,15011,1
2026-08-31,banco_bisa,12.0,100000,1
2026-08-31,banco_bisa,12.05,88404,1
2026-08-31,banco_bisa,12.07,21710,1
2026-08-31,banco_bisa,12.15,919579,2
2026-08-31,banco_bisa,12.18,120000,1
2026-08-31,banco_bisa,12.2,712534,2
2026-08-31,banco_bisa,12.23,299975,1
2026-08-31,banco_bisa,12.25,1015907,3
2026-08-31,banco_de_credito,11.64,5787,1
2026-08-31,banco_de_credito,11.68,4887,1
2026-08-31,banco_de_credito,11.82,96743,18
2026-08-31,banco_de_credito,11.84,500,1
2026-08-31,banco_de_credito,11.9,50871,427
2026-08-31,banco_de_credito,11.92,149940,1
2026-08-31,banco_de_credito,12.0,13240,1
2026-08-31,banco_de_credito,12.05,312284,9
2026-08-31,banco_de_credito,12.1,212607,2
2026-08-31,banco_de_credito,12.12,372999,1
2026-08-31,banco_de_credito,12.2,299915,1
2026-08-31,banco_de_la_nacion_argentina,11.62,18480,63
2026-08-31,banco_de_la_nacion_argentina,11.92,10400,1
2026-08-31,banco_economico,11.8,52610,43
2026-08-31,banco_economico,12.1,200000,1
2026-08-31,banco_economico,12.15,204421,2
2026-08-31,banco_economico,12.17,200000,1
2026-08-31,banco_fie,11.72,7805,20
2026-08-31,banco_fie,12.0,46727,2
2026-08-31,banco_fortaleza,11.1,51,1
2026-08-31,banco_fortaleza,11.6,72061,1
2026-08-31,banco_fortaleza,11.82,11159,5
2026-08-31,banco_fortaleza,11.92,48427,4
2026-08-31,banco_fortaleza,12.0,208766,1
2026-08-31,banco_ganadero,9.63,8191,2
2026-08-31,banco_ganadero,9.73,55528,1
2026-08-31,banco_ganadero,9.96,4703,1
2026-08-31,banco_ganadero,10.0,11566,76
2026-08-31,banco_ganadero,11.62,5250,1
2026-08-31,banco_ganadero,11.6398,69,1
2026-08-31,banco_ganadero,11.7,49950,1
2026-08-31,banco_ganadero,11.71,116,3
2026-08-31,banco_ganadero,11.72,26556,1
2026-08-31,banco_ganadero,11.83,2104,9
2026-08-31,banco_ganadero,11.85,120900,3
2026-08-31,banco_ganadero,11.9,134786,24
2026-08-31,banco_ganadero,11.92,1679470,43
2026-08-31,banco_ganadero,11.93,815,1
2026-08-31,banco_ganadero,12.02,9,4
2026-08-31,banco_ganadero,12.08,98560,1
2026-08-31,banco_ganadero,12.15,99980,1
2026-08-31,banco_ganadero,12.1801,471,1
2026-08-31,banco_ganadero,12.2,4999921,1
2026-08-31,banco_ganadero,12.3,2785068,2
2026-08-31,banco_mercantil_santa_cruz,11.42,189174,210
2026-08-31,banco_mercantil_santa_cruz,11.8,15918,1
2026-08-31,banco_mercantil_santa_cruz,12.02,142514,4
2026-08-31,banco_mercantil_santa_cruz,12.025,150440,1
2026-08-31,banco_mercantil_santa_cruz,12.05,59940,1
2026-08-31,banco_mercantil_santa_cruz,12.1,281604,1
2026-08-31,banco_mercantil_santa_cruz,12.21,174810,2
2026-08-31,banco_nacional_de_bolivia,11.92,509240,401
2026-08-31,banco_nacional_de_bolivia,12.12,500000,1
2026-08-31,banco_nacional_de_bolivia,12.2,100000,1
2026-08-31,banco_prodem,11.62,4844,14
2026-08-31,banco_pyme_de_la_comunidad,11.52,108,3
2026-08-31,banco_pyme_ecofuturo,11.52,7,1
2026-08-31,banco_solidario,11.6,54273,1
2026-08-31,banco_solidario,11.68,6734,35
2026-08-31,banco_solidario,12.0,90176,5
2026-08-31,banco_solidario,12.05,26005,1
2026-08-31,banco_solidario,12.2,18028,1
2026-08-31,banco_solidario,12.205,179958,1
2026-08-31,banco_solidario,12.21,379749,1
2026-08-31,banco_union,10.5,3903,22
2026-09-01,banco_bisa,11.55,13092,7
2026-09-01,banco_bisa,11.6,15786,5
2026-09-01,banco_bisa,11.65,291,4
2026-09-01,banco_bisa,11.75,43,2
2026-09-01,banco_bisa,11.82,400,2
2026-09-01,banco_bisa,11.85,56828,9
2026-09-01,banco_bisa,11.92,50935,41
2026-09-01,banco_bisa,11.95,40992,9
2026-09-01,banco_bisa,12.0,74404,4
2026-09-01,banco_bisa,12.02,9474,2
2026-09-01,banco_bisa,12.03,200000,2
2026-09-01,banco_bisa,12.05,50000,1
2026-09-01,banco_bisa,12.1,183285,3
2026-09-01,banco_bisa,12.12,202880,3
2026-09-01,banco_bisa,12.15,247755,4
2026-09-01,banco_bisa,12.18,139915,2
2026-09-01,banco_bisa,12.2,550000,2
2026-09-01,banco_bisa,12.25,352965,1
2026-09-01,banco_bisa,12.34,503658,1
2026-09-01,banco_bisa,12.36,3965000,1
2026-09-01,banco_bisa,12.38,199975,1
2026-09-01,banco_de_credito,12.02,264686,22
2026-09-01,banco_de_credito,12.05,97634,13
2026-09-01,banco_de_credito,12.12,29983,294
2026-09-01,banco_de_credito,12.15,45154,2
2026-09-01,banco_de_credito,12.19,4966,1
2026-09-01,banco_de_credito,12.26,236271,2
2026-09-01,banco_de_credito,12.35,1408249,3
2026-09-01,banco_de_credito,12.36,667476,3
2026-09-01,banco_de_credito,12.38,3610427,7
2026-09-01,banco_de_credito,12.4,1499975,1
2026-09-01,banco_de_la_nacion_argentina,11.12,940,1
2026-09-01,banco_de_la_nacion_argentina,11.82,4980,27
2026-09-01,banco_de_la_nacion_argentina,12.0,20000,1
2026-09-01,banco_economico,11.85,1393,6
2026-09-01,banco_economico,12.0,88463,39
2026-09-01,banco_economico,12.02,100000,1
2026-09-01,banco_economico,12.1,326560,1
2026-09-01,banco_economico,12.15,30000,1
2026-09-01,banco_economico,12.22,115682,2
2026-09-01,banco_economico,12.35,873907,1
2026-09-01,banco_fie,11.92,65008,12
2026-09-01,banco_fie,12.23,9475,1
2026-09-01,banco_fie,12.41,649810,2
2026-09-01,banco_fie,12.4145,500000,1
2026-09-01,banco_fie,12.42,300000,1
2026-09-01,banco_fortaleza,11.0,1,1
2026-09-01,banco_fortaleza,11.2,300,1
2026-09-01,banco_fortaleza,11.4,20229,1
2026-09-01,banco_fortaleza,11.8,12600,1
2026-09-01,banco_fortaleza,12.02,11371,2
2026-09-01,banco_fortaleza,12.12,8,1
2026-09-01,banco_fortaleza,12.16,265223,2
2026-09-01,banco_ganadero,9.63,8937,1
2026-09-01,banco_ganadero,9.73,52841,2
2026-09-01,banco_ganadero,9.96,18044,1
2026-09-01,banco_ganadero,10.0,9789,52
2026-09-01,banco_ganadero,11.0,120,1
2026-09-01,banco_ganadero,11.54,347,1
2026-09-01,banco_ganadero,11.57,61,1
2026-09-01,banco_ganadero,11.7,44487,3
2026-09-01,banco_ganadero,11.82,8400,1
2026-09-01,banco_ganadero,11.83,640,3
2026-09-01,banco_ganadero,11.86,42,1
2026-09-01,banco_ganadero,11.92,121515,15
2026-09-01,banco_ganadero,11.95,10000,1
2026-09-01,banco_ganadero,12.0,200000,1
2026-09-01,banco_ganadero,12.1,113554,24
2026-09-01,banco_ganadero,12.12,1499025,133
2026-09-01,banco_ganadero,12.13,1000000,1
2026-09-01,banco_ganadero,12.17,345980,3
2026-09-01,banco_ganadero,12.2,273152,1
2026-09-01,banco_ganadero,12.22,3,3
2026-09-01,banco_ganadero,12.23,4999921,1
2026-09-01,banco_ganadero,12.31,377311,1
2026-09-01,banco_ganadero,12.35,549982,1
2026-09-01,banco_mercantil_santa_cruz,11.62,147577,58
2026-09-01,banco_mercantil_santa_cruz,12.15,19915,1
2026-09-01,banco_mercantil_santa_cruz,12.195,120000,1
2026-09-01,banco_mercantil_santa_cruz,12.35,1000000,1
2026-09-01,banco_nacional_de_bolivia,12.0,0,1
2026-09-01,banco_nacional_de_bolivia,12.1,20000,2
2026-09-01,banco_nacional_de_bolivia,12.12,1656139,400
2026-09-01,banco_nacional_de_bolivia,12.21,250000,1
2026-09-01,banco_nacional_de_bolivia,12.22,1043,1
2026-09-01,banco_nacional_de_bolivia,12.27,2386175,2
2026-09-01,banco_prodem,11.82,20429,21
2026-09-01,banco_pyme_de_la_comunidad,11.72,1853,5
2026-09-01,banco_pyme_ecofuturo,11.72,10,2
2026-09-01,banco_solidario,11.88,7128,32
2026-09-01,banco_solidario,12.0,14893,1
2026-09-01,banco_solidario,12.1,16393,1
2026-09-01,banco_solidario,12.12,49935,1
2026-09-01,banco_solidario,12.18,99958,2
2026-09-01,banco_solidario,12.2,4500,2
2026-09-01,banco_solidario,12.22,1565,1
2026-09-01,banco_solidario,12.25,135931,3
2026-09-01,banco_solidario,12.28,53150,1
2026-09-01,banco_solidario,12.3,222684,4
2026-09-01,banco_solidario,12.35,149880,1
2026-09-01,banco_solidario,12.4,879665,3
2026-09-01,banco_solidario,12.405,99905,1
2026-09-01,banco_solidario,12.45,300000,2
2026-09-01,banco_union,10.5,4663,13
2026-09-02,banco_bisa,11.75,87,2
2026-09-02,banco_bisa,11.85,12121,8
2026-09-02,banco_bisa,11.95,92021,10
2026-09-02,banco_bisa,11.96,200,1
2026-09-02,banco_bisa,12.02,15432,6
2026-09-02,banco_bisa,12.06,73672,33
2026-09-02,banco_bisa,12.1,29980,7
2026-09-02,banco_bisa,12.12,10000,1
2026-09-02,banco_bisa,12.15,3808,1
2026-09-02,banco_bisa,12.16,1050,1
2026-09-02,banco_bisa,12.2,14980,1
2026-09-02,banco_bisa,12.25,74920,1
2026-09-02,banco_bisa,12.255,24999980,1
2026-09-02,banco_bisa,12.3,80000,1
2026-09-02,banco_bisa,12.405,1510415,1
2026-09-02,banco_de_credito,12.06,15029,12
2026-09-02,banco_de_credito,12.15,26237,1
2026-09-02,banco_de_credito,12.16,1000,1
2026-09-02,banco_de_credito,12.2,32000,1
2026-09-02,banco_de_credito,12.26,132553,3
2026-09-02,banco_de_credito,12.3,553048,405
2026-09-02,banco_de_credito,12.36,187540,1
2026-09-02,banco_de_credito,12.4,299915,1
2026-09-02,banco_de_credito,12.58,2158,1
2026-09-02,banco_de_la_nacion_argentina,11.96,5170,22
2026-09-02,banco_economico,12.14,59282,59
2026-09-02,banco_economico,12.35,2500000,2
2026-09-02,banco_economico,12.4,150000,1
2026-09-02,banco_economico,12.45,199983,1
2026-09-02,banco_economico,12.5,500000,1
2026-09-02,banco_economico,12.52,45825,1
2026-09-02,banco_economico,12.55,859556,3
2026-09-02,banco_fie,12.06,86535,16
2026-09-02,banco_fie,12.43,49975,1
2026-09-02,banco_fie,12.4325,1500000,1
2026-09-02,banco_fie,12.4716,1700000,1
2026-09-02,banco_fie,12.51,130000,1
2026-09-02,banco_fortaleza,11.45,704,1
2026-09-02,banco_fortaleza,12.16,7596,4
2026-09-02,banco_fortaleza,12.26,101,2
2026-09-02,banco_fortaleza,12.55,739963,1
2026-09-02,banco_ganadero,9.63,4163,1
2026-09-02,banco_ganadero,9.73,52368,1
2026-09-02,banco_ganadero,9.96,8551,2
2026-09-02,banco_ganadero,10.0,19568,54
2026-09-02,banco_ganadero,10.5,10000,1
2026-09-02,banco_ganadero,11.0,4262,1
2026-09-02,banco_ganadero,11.71,108,1
2026-09-02,banco_ganadero,11.92,2038,11
2026-09-02,banco_ganadero,12.12,53148,19
2026-09-02,banco_ganadero,12.15,50000,1
2026-09-02,banco_ganadero,12.24,116790,16
2026-09-02,banco_ganadero,12.26,1542186,33
2026-09-02,banco_ganadero,12.36,87,8
2026-09-02,banco_ganadero,12.385,699980,1
2026-09-02,banco_ganadero,12.39,1000000,1
2026-09-02,banco_ganadero,12.4,199975,1
2026-09-02,banco_ganadero,12.5,599950,2
2026-09-02,banco_mercantil_santa_cruz,11.76,355807,203
2026-09-02,banco_mercantil_santa_cruz,11.92,2899,1
2026-09-02,banco_mercantil_santa_cruz,12.06,7265,1
2026-09-02,banco_mercantil_santa_cruz,12.16,47387,1
2026-09-02,banco_mercantil_santa_cruz,12.26,1267,1
2026-09-02,banco_mercantil_santa_cruz,12.29,12882,1
2026-09-02,banco_mercantil_santa_cruz,12.36,200000,1
2026-09-02,banco_mercantil_santa_cruz,12.38,73915,1
2026-09-02,banco_mercantil_santa_cruz,12.4,400000,1
2026-09-02,banco_mercantil_santa_cruz,12.455,2043442,1
2026-09-02,banco_mercantil_santa_cruz,12.552,269663,1
2026-09-02,banco_nacional_de_bolivia,12.12,816,1
2026-09-02,banco_nacional_de_bolivia,12.16,300000,1
2026-09-02,banco_nacional_de_bolivia,12.26,1465949,402
2026-09-02,banco_nacional_de_bolivia,12.3,90000,2
2026-09-02,banco_prodem,11.96,2080,13
2026-09-02,banco_pyme_de_la_comunidad,11.86,1329,3
2026-09-02,banco_pyme_ecofuturo,11.86,75,1
2026-09-02,banco_pyme_ecofuturo,12.55,500000,1
2026-09-02,banco_solidario,12.01,6911,26
2026-09-02,banco_solidario,12.2,18600,2
2026-09-02,banco_solidario,12.24,4430,1
2026-09-02,banco_solidario,12.25,160956,2
2026-09-02,banco_solidario,12.3,210431,3
2026-09-02,banco_solidario,12.405,6462,1
2026-09-02,banco_solidario,12.41,1500000,2
2026-09-02,banco_solidario,12.44,1599905,1
2026-09-02,banco_solidario,12.45,2044312,1
2026-09-02,banco_union,10.5,9131,38
2026-09-02,banco_union,12.16,34715,1
2026-09-02,banco_union,12.36,199930,1
2026-09-03,banco_bisa,11.95,64732,11
2026-09-03,banco_bisa,12.06,15517,5
2026-09-03,banco_bisa,12.1,56792,13
2026-09-03,banco_bisa,12.12,82000,52
2026-09-03,banco_bisa,12.22,39434,1
2026-09-03,banco_bisa,12.25,5500,1
2026-09-03,banco_bisa,12.32,163343,4
2026-09-03,banco_bisa,12.36,49919,1
2026-09-03,banco_bisa,12.37,1932722,7
2026-09-03,banco_bisa,12.38,18480,1
2026-09-03,banco_bisa,12.4,54793,1
2026-09-03,banco_bisa,12.45,5167749,3
2026-09-03,banco_bisa,12.46,120000,1
2026-09-03,banco_bisa,12.5,1221975,3
2026-09-03,banco_bisa,12.6,499975,1
2026-09-03,banco_de_credito,11.64,5787,1
2026-09-03,banco_de_credito,11.79,4287,1
2026-09-03,banco_de_credito,12.0,3987,1
2026-09-03,banco_de_credito,12.12,113563,32
2026-09-03,banco_de_credito,12.15,8000,1
2026-09-03,banco_de_credito,12.19,387,1
2026-09-03,banco_de_credito,12.2,14950,1
2026-09-03,banco_de_credito,12.3,579464,1
2026-09-03,banco_de_credito,12.32,342723,6
2026-09-03,banco_de_credito,12.35,31270,2
2026-09-03,banco_de_credito,12.36,1497245,2
2026-09-03,banco_de_credito,12.38,47196,2
2026-09-03,banco_de_credito,12.4,411372,2
2026-09-03,banco_de_credito,12.42,100111,487
2026-09-03,banco_de_credito,12.6,500000,1
2026-09-03,banco_de_credito,12.63,360402,1
2026-09-03,banco_de_la_nacion_argentina,12.02,21935,33
2026-09-03,banco_de_la_nacion_argentina,12.32,24500,1
2026-09-03,banco_economico,12.2,82004,43
2026-09-03,banco_economico,12.52,25,1
2026-09-03,banco_economico,12.65,172383,1
2026-09-03,banco_fie,12.12,2145,17
2026-09-03,banco_fie,12.2,50000,1
2026-09-03,banco_fie,12.4,152000,2
2026-09-03,banco_fie,12.453,199810,1
2026-09-03,banco_fie,12.51,119000,1
2026-09-03,banco_fie,12.6505,799975,1
2026-09-03,banco_fortaleza,11.9,45000,1
2026-09-03,banco_fortaleza,12.22,8044,3
2026-09-03,banco_fortaleza,12.32,100070,3
2026-09-03,banco_ganadero,9.63,8917,1
2026-09-03,banco_ganadero,9.73,47443,1
2026-09-03,banco_ganadero,9.96,12495,1
2026-09-03,banco_ganadero,10.0,20822,37
2026-09-03,banco_ganadero,11.5,157,1
2026-09-03,banco_ganadero,11.92,540,8
2026-09-03,banco_ganadero,12.0,10000,1
2026-09-03,banco_ganadero,12.12,7321,14
2026-09-03,banco_ganadero,12.26,52320,27
2026-09-03,banco_ganadero,12.3,141136,20
2026-09-03,banco_ganadero,12.32,1539904,23
2026-09-03,banco_ganadero,12.42,204,8
2026-09-03,banco_ganadero,12.45,199980,1
2026-09-03,banco_ganadero,12.49,3999921,1
2026-09-03,banco_ganadero,12.5,168770,1
2026-09-03,banco_ganadero,12.51,589592,3
2026-09-03,banco_ganadero,12.66,2000000,1
2026-09-03,banco_mercantil_santa_cruz,11.82,186566,209
2026-09-03,banco_mercantil_santa_cruz,12.2,15000,1
2026-09-03,banco_mercantil_santa_cruz,12.22,10000,1
2026-09-03,banco_mercantil_santa_cruz,12.32,78221,3
2026-09-03,banco_mercantil_santa_cruz,12.42,63203,5
2026-09-03,banco_mercantil_santa_cruz,12.43,100000,1
2026-09-03,banco_mercantil_santa_cruz,12.595,250000,1
2026-09-03,banco_mercantil_santa_cruz,12.6,209940,1
2026-09-03,banco_mercantil_santa_cruz,12.62,999920,1
2026-09-03,banco_nacional_de_bolivia,12.12,4963,1
2026-09-03,banco_nacional_de_bolivia,12.32,634408,315
2026-09-03,banco_nacional_de_bolivia,12.355,1000000,1
2026-09-03,banco_nacional_de_bolivia,12.4,1220770,3
2026-09-03,banco_nacional_de_bolivia,12.42,372580,2
2026-09-03,banco_prodem,12.02,11869,22
2026-09-03,banco_pyme_de_la_comunidad,11.92,1553,6
2026-09-03,banco_pyme_ecofuturo,11.92,2,3
2026-09-03,banco_solidario,12.07,3088,27
2026-09-03,banco_solidario,12.2,2605,1
2026-09-03,banco_solidario,12.22,399,1
2026-09-03,banco_solidario,12.3,48975,5
2026-09-03,banco_solidario,12.32,359130,7
2026-09-03,banco_solidario,12.38,100000,2
2026-09-03,banco_solidario,12.4,109570,5
2026-09-03,banco_solidario,12.45,29870,1
2026-09-03,banco_solidario,12.5,199905,1
2026-09-03,banco_solidario,12.6,799880,1
2026-09-03,banco_solidario,12.675,1349810,2
2026-09-03,banco_union,10.5,2014,22
2026-09-04,banco_bisa,11.95,16413,6
2026-09-04,banco_bisa,12.1,56556,13
2026-09-04,banco_bisa,12.12,5820,2
2026-09-04,banco_bisa,12.25,72463,53
2026-09-04,banco_bisa,12.3,77396,2
2026-09-04,banco_bisa,12.32,7096,6
2026-09-04,banco_bisa,12.35,75372,10
2026-09-04,banco_bisa,12.43,94746,1
2026-09-04,banco_bisa,12.45,41,2
2026-09-04,banco_bisa,12.48,23501,3
2026-09-04,banco_bisa,12.5,5444303,6
2026-09-04,banco_bisa,12.55,1200222,5
2026-09-04,banco_bisa,12.58,769895,3
2026-09-04,banco_bisa,12.62,1172400,1
2026-09-04,banco_bisa,12.65,500000,1
2026-09-04,banco_de_credito,11.64,7984,2
2026-09-04,banco_de_credito,12.25,136814,40
2026-09-04,banco_de_credito,12.3,49325,2
2026-09-04,banco_de_credito,12.35,17315,1
2026-09-04,banco_de_credito,12.38,6065,2
2026-09-04,banco_de_credito,12.45,1316419,9
2026-09-04,banco_de_credito,12.48,136051,4
2026-09-04,banco_de_credito,12.5,144925,2
2026-09-04,banco_de_credito,12.55,49230,8
2026-09-04,banco_de_credito,12.56,421000,1
2026-09-04,banco_de_credito,12.58,79697,444
2026-09-04,banco_de_credito,12.65,1004943,3
2026-09-04,banco_de_credito,12.67,499940,1
2026-09-04,banco_de_credito,12.73,500000,1
2026-09-04,banco_de_credito,12.76,90000,2
2026-09-04,banco_de_la_nacion_argentina,12.15,4190,15
2026-09-04,banco_de_la_nacion_argentina,12.4,56800,3
2026-09-04,banco_de_la_nacion_argentina,12.45,100,1
2026-09-04,banco_economico,12.2,77942,20
2026-09-04,banco_economico,12.35,174578,31
2026-09-04,banco_economico,12.45,26641,1
2026-09-04,banco_economico,12.5,99956,1
2026-09-04,banco_economico,12.6,2599980,2
2026-09-04,banco_economico,12.64,599960,1
2026-09-04,banco_economico,12.65,476982,2
2026-09-04,banco_fie,12.45,553384,29
2026-09-04,banco_fie,12.7105,999975,1
2026-09-04,banco_fortaleza,10.0,0,1
2026-09-04,banco_fortaleza,12.35,8299,4
2026-09-04,banco_fortaleza,12.4,33630,1
2026-09-04,banco_fortaleza,12.45,41,3
2026-09-04,banco_fortaleza,12.565,185815,1
2026-09-04,banco_fortaleza,12.71,472287,1
2026-09-04,banco_ganadero,9.63,7916,1
2026-09-04,banco_ganadero,9.73,39891,1
2026-09-04,banco_ganadero,9.96,9415,1
2026-09-04,banco_ganadero,10.0,40607,52
2026-09-04,banco_ganadero,11.71,273,2
2026-09-04,banco_ganadero,11.92,183,2
2026-09-04,banco_ganadero,12.12,566,2
2026-09-04,banco_ganadero,12.26,11685,18
2026-09-04,banco_ganadero,12.32,79559,24
2026-09-04,banco_ganadero,12.43,112819,19
2026-09-04,banco_ganadero,12.45,4547229,140
2026-09-04,banco_ganadero,12.48,427829,1
2026-09-04,banco_ganadero,12.54,480402,1
2026-09-04,banco_ganadero,12.55,4,3
2026-09-04,banco_ganadero,12.6,2595290,6
2026-09-04,banco_ganadero,12.62,500000,1
2026-09-04,banco_ganadero,12.63,324000,1
2026-09-04,banco_ganadero,12.67,1789471,2
2026-09-04,banco_ganadero,12.68,500000,1
2026-09-04,banco_ganadero,12.715,1499975,1
2026-09-04,banco_ganadero,12.74,6999921,1
2026-09-04,banco_ganadero,12.76,600000,1
2026-09-04,banco_mercantil_santa_cruz,11.95,801467,335
2026-09-04,banco_mercantil_santa_cruz,12.25,34200,3
2026-09-04,banco_mercantil_santa_cruz,12.3,54718,2
2026-09-04,banco_mercantil_santa_cruz,12.4,12150,1
2026-09-04,banco_mercantil_santa_cruz,12.45,1000000,1
2026-09-04,banco_mercantil_santa_cruz,12.55,101850,2
2026-09-04,banco_mercantil_santa_cruz,12.56,1031979,1
2026-09-04,banco_mercantil_santa_cruz,12.6,624859,5
2026-09-04,banco_mercantil_santa_cruz,12.65,3000000,2
2026-09-04,banco_mercantil_santa_cruz,12.651,109940,1
2026-09-04,banco_mercantil_santa_cruz,12.708,999895,1
2026-09-04,banco_mercantil_santa_cruz,12.71,739847,3
2026-09-04,banco_mercantil_santa_cruz,12.75,449932,1
2026-09-04,banco_mercantil_santa_cruz,12.76,1500000,1
2026-09-04,banco_nacional_de_bolivia,12.4,1059005,2
2026-09-04,banco_nacional_de_bolivia,12.446,1,2
2026-09-04,banco_nacional_de_bolivia,12.45,2959242,460
2026-09-04,banco_nacional_de_bolivia,12.451,3,1
2026-09-04,banco_nacional_de_bolivia,12.52,500000,1
2026-09-04,banco_nacional_de_bolivia,12.55,1800,1
2026-09-04,banco_prodem,12.15,19061,15
2026-09-04,banco_pyme_de_la_comunidad,12.05,5030,2
2026-09-04,banco_solidario,12.2,9014,36
2026-09-04,banco_solidario,12.4,28183,3
2026-09-04,banco_solidario,12.45,28785,1
2026-09-04,banco_solidario,12.5,68078,4
2026-09-04,banco_solidario,12.6,104608,2
2026-09-04,banco_solidario,12.632,100000,2
2026-09-04,banco_solidario,12.64,479905,1
2026-09-04,banco_union,10.5,13400,41
2026-09-04,banco_union,12.27,19970,1
2026-09-07,banco_bisa,12.12,1006,4
2026-09-07,banco_bisa,12.25,218,1
2026-09-07,banco_bisa,12.38,33655,26
2026-09-07,banco_bisa,12.4,30000,1
2026-09-07,banco_bisa,12.45,38723,1
2026-09-07,banco_bisa,12.47,60000,2
2026-09-07,banco_bisa,12.48,25380,4
2026-09-07,banco_bisa,12.5,626297,10
2026-09-07,banco_bisa,12.58,69626,1
2026-09-07,banco_bisa,12.62,361960,2
2026-09-07,banco_bisa,12.64,119916,1
2026-09-07,banco_bisa,12.68,137834,1
2026-09-07,banco_bisa,12.7,473535,2
2026-09-07,banco_de_credito,12.38,120646,20
2026-09-07,banco_de_credito,12.48,129988,1
2026-09-07,banco_de_credito,12.55,116187,5
2026-09-07,banco_de_credito,12.58,81628,5
2026-09-07,banco_de_credito,12.6,368302,2
2026-09-07,banco_de_credito,12.65,183219,3
2026-09-07,banco_de_credito,12.68,88782,523
2026-09-07,banco_de_credito,12.76,1351516,2
2026-09-07,banco_de_la_nacion_argentina,12.28,2432,20
2026-09-07,banco_economico,12.2,37607,47
2026-09-07,banco_economico,12.6,350000,1
2026-09-07,banco_fie,12.58,654522,35
2026-09-07,banco_fie,12.6,209924,3
2026-09-07,banco_fortaleza,12.48,5969,8
2026-09-07,banco_fortaleza,12.58,6,1
2026-09-07,banco_fortaleza,12.625,70031,1
2026-09-07,banco_ganadero,9.63,14973,1
2026-09-07,banco_ganadero,9.73,73156,1
2026-09-07,banco_ganadero,9.96,7546,1
2026-09-07,banco_ganadero,10.0,2901,35
2026-09-07,banco_ganadero,10.5,20500,1
2026-09-07,banco_ganadero,11.0,6500,1
2026-09-07,banco_ganadero,11.92,545,1
2026-09-07,banco_ganadero,12.12,1651,1
2026-09-07,banco_ganadero,12.26,2685,4
2026-09-07,banco_ganadero,12.32,2618,10
2026-09-07,banco_ganadero,12.45,16877,13
2026-09-07,banco_ganadero,12.54,480402,1
2026-09-07,banco_ganadero,12.56,147170,17
2026-09-07,banco_ganadero,12.58,1528513,58
2026-09-07,banco_ganadero,12.63,400000,1
2026-09-07,banco_ganadero,12.65,1310040,2
2026-09-07,banco_ganadero,12.68,4,5
2026-09-07,banco_mercantil_santa_cruz,12.08,86750,206
2026-09-07,banco_mercantil_santa_cruz,12.45,19134,1
2026-09-07,banco_mercantil_santa_cruz,12.48,2500,1
2026-09-07,banco_mercantil_santa_cruz,12.58,154440,4
2026-09-07,banco_mercantil_santa_cruz,12.68,41265,2
2026-09-07,banco_mercantil_santa_cruz,12.7,3999895,1
2026-09-07,banco_nacional_de_bolivia,12.0,5431,2
2026-09-07,banco_nacional_de_bolivia,12.47,902864,1
2026-09-07,banco_nacional_de_bolivia,12.5,273152,1
2026-09-07,banco_nacional_de_bolivia,12.556,0,1
2026-09-07,banco_nacional_de_bolivia,12.579,0,1
2026-09-07,banco_nacional_de_bolivia,12.58,1598073,456
2026-09-07,banco_nacional_de_bolivia,12.6,866370,5
2026-09-07,banco_nacional_de_bolivia,12.68,1200,1
2026-09-07,banco_prodem,12.28,15894,23
2026-09-07,banco_pyme_de_la_comunidad,12.18,3382,7
2026-09-07,banco_pyme_ecofuturo,12.18,1,1
2026-09-07,banco_solidario,11.62,130,1
2026-09-07,banco_solidario,12.33,12862,44
2026-09-07,banco_solidario,12.45,3560,1
2026-09-07,banco_solidario,12.5,230000,2
2026-09-07,banco_solidario,12.55,153713,1
2026-09-07,banco_union,11.3,2530,34
2026-09-08,banco_bisa,11.6,173,1
2026-09-08,banco_bisa,11.75,11,1
2026-09-08,banco_bisa,11.95,1314,2
2026-09-08,banco_bisa,12.1,5469,4
2026-09-08,banco_bisa,12.35,5674,4
2026-09-08,banco_bisa,12.38,1950,1
2026-09-08,banco_bisa,12.4,123299,36
2026-09-08,banco_bisa,12.45,107301,2
2026-09-08,banco_bisa,12.5,1409832,15
2026-09-08,banco_bisa,12.55,1170710,2
2026-09-08,banco_bisa,12.58,25511,2
2026-09-08,banco_bisa,12.6,3022561,9
2026-09-08,banco_bisa,12.62,33000,1
2026-09-08,banco_bisa,12.65,137810,3
2026-09-08,banco_bisa,12.68,1327000,4
2026-09-08,banco_bisa,12.7,2356900,2
2026-09-08,banco_bisa,12.72,120000,1
2026-09-08,banco_bisa,12.76,1021905,1
2026-09-08,banco_de_credito,12.3,111186,21
2026-09-08,banco_de_credito,12.38,9877,1
2026-09-08,banco_de_credito,12.4,41532,3
2026-09-08,banco_de_credito,12.5,13271,3
2026-09-08,banco_de_credito,12.58,30900,1
2026-09-08,banco_de_credito,12.6,236722,574
2026-09-08,banco_de_credito,12.62,10000,1
2026-09-08,banco_de_credito,12.65,1093940,2
2026-09-08,banco_de_credito,12.66,738733,1
2026-09-08,banco_de_credito,12.69,99920,1
2026-09-08,banco_de_credito,12.7,285833,3
2026-09-08,banco_de_credito,12.8,8815,3
2026-09-08,banco_de_la_nacion_argentina,12.3,1901,11
2026-09-08,banco_de_la_nacion_argentina,12.45,55000,2
2026-09-08,banco_economico,12.2,68900,47
2026-09-08,banco_economico,12.55,92739,2
2026-09-08,banco_economico,12.58,206338,1
2026-09-08,banco_economico,12.6,304732,2
2026-09-08,banco_fie,12.6,119558,25
2026-09-08,banco_fie,12.61,469905,2
2026-09-08,banco_fortaleza,11.0,50,1
2026-09-08,banco_fortaleza,11.5,16,2
2026-09-08,banco_fortaleza,12.0,10938,1
2026-09-08,banco_fortaleza,12.45,300000,1
2026-09-08,banco_fortaleza,12.5,33800,6
2026-09-08,banco_fortaleza,12.6,218271,6
2026-09-08,banco_ganadero,9.63,5890,1
2026-09-08,banco_ganadero,9.73,61720,2
2026-09-08,banco_ganadero,9.96,7046,1
2026-09-08,banco_ganadero,10.0,9997,50
2026-09-08,banco_ganadero,11.2,2170,1
2026-09-08,banco_ganadero,11.92,198,3
2026-09-08,banco_ganadero,12.02,80,1
2026-09-08,banco_ganadero,12.05,12200,1
2026-09-08,banco_ganadero,12.26,384,3
2026-09-08,banco_ganadero,12.32,225,3
2026-09-08,banco_ganadero,12.45,3890,12
2026-09-08,banco_ganadero,12.5,24414,2
2026-09-08,banco_ganadero,12.55,500000,1
2026-09-08,banco_ganadero,12.56,500000,1
2026-09-08,banco_ganadero,12.58,184456,45
2026-09-08,banco_ganadero,12.6,1981132,87
2026-09-08,banco_ganadero,12.6001,69,1
2026-09-08,banco_ganadero,12.65,38000,1
2026-09-08,banco_ganadero,12.7,918936,5
2026-09-08,banco_ganadero,12.72,88787,1
2026-09-08,banco_ganadero,12.76,354274,1
2026-09-08,banco_ganadero,12.77,2004945,1
2026-09-08,banco_ganadero,12.79,4999921,1
2026-09-08,banco_mercantil_santa_cruz,12.1,536871,204
2026-09-08,banco_mercantil_santa_cruz,12.3,70000,1
2026-09-08,banco_mercantil_santa_cruz,12.45,2000000,1
2026-09-08,banco_mercantil_santa_cruz,12.52,7900,1
2026-09-08,banco_mercantil_santa_cruz,12.6,471484,3
2026-09-08,banco_mercantil_santa_cruz,12.7,50000,1
2026-09-08,banco_mercantil_santa_cruz,12.71,330425,1
2026-09-08,banco_nacional_de_bolivia,12.1,255244,207
2026-09-08,banco_nacional_de_bolivia,12.4,2508,1
2026-09-08,banco_nacional_de_bolivia,12.45,40230,3
2026-09-08,banco_nacional_de_bolivia,12.5,251931,2
2026-09-08,banco_nacional_de_bolivia,12.55,400000,1
2026-09-08,banco_nacional_de_bolivia,12.59,7462,29
2026-09-08,banco_nacional_de_bolivia,12.6,792114,152
2026-09-08,banco_prodem,12.3,20980,29
2026-09-08,banco_pyme_de_la_comunidad,12.2,3482,5
2026-09-08,banco_solidario,12.35,113688,28
2026-09-08,banco_solidario,12.4,63271,1
2026-09-08,banco_solidario,12.6,516577,10
2026-09-08,banco_solidario,12.718,1558760,1
2026-09-08,banco_solidario,12.75,1041080,5
2026-09-08,banco_union,10.5,5,1
2026-09-08,banco_union,11.3,2609,34
2026-09-08,banco_union,12.68,100000,1
2026-09-08,banco_union,12.7,2500000,1
2026-09-08,banco_union,12.78,1019551,1
2026-09-08,banco_union,12.82,999890,2
2026-09-09,banco_bisa,11.3,19,2
2026-09-09,banco_bisa,11.4,72,2
2026-09-09,banco_bisa,11.5,669,5
2026-09-09,banco_bisa,11.55,1289,2
2026-09-09,banco_bisa,11.6,740,4
2026-09-09,banco_bisa,11.85,942,6
2026-09-09,banco_bisa,11.95,5032,6
2026-09-09,banco_bisa,12.0,593881,37
2026-09-09,banco_bisa,12.05,13354,2
2026-09-09,banco_bisa,12.1,68529,10
2026-09-09,banco_bisa,12.35,228698,16
2026-09-09,banco_bisa,12.4,26804879,6
2026-09-09,banco_bisa,12.44,1500,1
2026-09-09,banco_bisa,12.5,90373,29
2026-09-09,banco_de_credito,9.96,398,1
2026-09-09,banco_de_credito,12.0,732387,13
2026-09-09,banco_de_credito,12.1,2975497,10
2026-09-09,banco_de_credito,12.15,39950,1
2026-09-09,banco_de_credito,12.2,232295,4
2026-09-09,banco_de_credito,12.3,4000,1
2026-09-09,banco_de_credito,12.34,106164,16
2026-09-09,banco_de_credito,12.4,100000,1
2026-09-09,banco_de_credito,12.5,59988,1
2026-09-09,banco_de_credito,12.54,20000,1
2026-09-09,banco_de_credito,12.55,1500895,2
2026-09-09,banco_de_credito,12.64,45315,510
2026-09-09,banco_de_credito,12.65,580016,3
2026-09-09,banco_de_credito,12.69,199940,1
2026-09-09,banco_de_credito,12.74,23781,3
2026-09-09,banco_de_la_nacion_argentina,12.1,500000,1
2026-09-09,banco_de_la_nacion_argentina,12.32,1,1
2026-09-09,banco_de_la_nacion_argentina,12.34,56369,10
2026-09-09,banco_economico,12.0,45085,39
2026-09-09,banco_economico,12.1,2199990,2
2026-09-09,banco_economico,12.32,399975,1
2026-09-09,banco_economico,12.6,600000,1
2026-09-09,banco_fie,12.1,1000000,1
2026-09-09,banco_fie,12.14,9998,16
2026-09-09,banco_fie,12.4,6950,2
2026-09-09,banco_fie,12.5,102475,2
2026-09-09,banco_fie,12.55,70685,1
2026-09-09,banco_fie,12.6,2350,1
2026-09-09,banco_fie,12.62,488727,2
2026-09-09,banco_fie,12.64,2017476,2
2026-09-09,banco_fortaleza,11.8,4100,1
2026-09-09,banco_fortaleza,12.0,19906,1
2026-09-09,banco_fortaleza,12.2,20000,1
2026-09-09,banco_fortaleza,12.25,30000,1
2026-09-09,banco_fortaleza,12.3,54210,2
2026-09-09,banco_fortaleza,12.5,216731,1
2026-09-09,banco_fortaleza,12.54,1459,5
2026-09-09,banco_fortaleza,12.6,2000000,1
2026-09-09,banco_fortaleza,12.64,625,2
2026-09-09,banco_ganadero,9.63,7464,1
2026-09-09,banco_ganadero,9.73,49662,1
2026-09-09,banco_ganadero,9.96,7745,1
2026-09-09,banco_ganadero,10.0,10403,42
2026-09-09,banco_ganadero,10.5,9992,1
2026-09-09,banco_ganadero,11.0,500,1
2026-09-09,banco_ganadero,11.2,674,1
2026-09-09,banco_ganadero,11.9,279975,2
2026-09-09,banco_ganadero,12.1,6494324,4
2026-09-09,banco_ganadero,12.11,400658,1
2026-09-09,banco_ganadero,12.12,737576,1
2026-09-09,banco_ganadero,12.34,19988,1
2026-09-09,banco_ganadero,12.53,179930,2
2026-09-09,banco_ganadero,12.6,52109,24
2026-09-09,banco_ganadero,12.62,110167,17
2026-09-09,banco_ganadero,12.63,1000000,1
2026-09-09,banco_ganadero,12.64,1357921,62
2026-09-09,banco_ganadero,12.7,1596982,2
2026-09-09,banco_ganadero,12.72,500000,2
2026-09-09,banco_ganadero,12.73,4117056,4
2026-09-09,banco_ganadero,12.74,2,4
2026-09-09,banco_ganadero,12.76,1994454,3
2026-09-09,banco_mercantil_santa_cruz,12.1,1000000,1
2026-09-09,banco_mercantil_santa_cruz,12.14,535085,204
2026-09-09,banco_mercantil_santa_cruz,12.15,99945,1
2026-09-09,banco_mercantil_santa_cruz,12.2,99860,1
2026-09-09,banco_mercantil_santa_cruz,12.26,110000,2
2026-09-09,banco_mercantil_santa_cruz,12.3,1449865,2
2026-09-09,banco_mercantil_santa_cruz,12.34,17510,1
2026-09-09,banco_mercantil_santa_cruz,12.35,850000,3
2026-09-09,banco_mercantil_santa_cruz,12.36,5509727,1
2026-09-09,banco_mercantil_santa_cruz,12.44,220000,3
2026-09-09,banco_mercantil_santa_cruz,12.49,348133,1
2026-09-09,banco_mercantil_santa_cruz,12.55,99517,1
2026-09-09,banco_mercantil_santa_cruz,12.56,47700,6
2026-09-09,banco_mercantil_santa_cruz,12.59,27850,1
2026-09-09,banco_nacional_de_bolivia,11.94,248959,169
2026-09-09,banco_nacional_de_bolivia,12.0,1100,1
2026-09-09,banco_nacional_de_bolivia,12.1,1000000,1
2026-09-09,banco_nacional_de_bolivia,12.14,335927,147
2026-09-09,banco_nacional_de_bolivia,12.5,99975,1
2026-09-09,banco_nacional_de_bolivia,12.6,2061557,3
2026-09-09,banco_nacional_de_bolivia,12.63,3341,26
2026-09-09,banco_nacional_de_bolivia,12.64,1853821,13
2026-09-09,banco_nacional_de_bolivia,12.7,100,1
2026-09-09,banco_prodem,12.34,88040,31
2026-09-09,banco_pyme_de_la_comunidad,12.24,3001,4
2026-09-09,banco_pyme_ecofuturo,12.24,12,1
2026-09-09,banco_pyme_ecofuturo,12.61,282000,1
2026-09-09,banco_solidario,12.0,2962,3
2026-09-09,banco_solidario,12.01,23385,30
2026-09-09,banco_solidario,12.05,55679,2
2026-09-09,banco_solidario,12.1,92385,4
2026-09-09,banco_solidario,12.116,2899810,2
2026-09-09,banco_solidario,12.39,49992,12
2026-09-09,banco_solidario,12.64,49945,1
2026-09-09,banco_solidario,12.68,28405,1
2026-09-09,banco_solidario,12.75,186906,3
2026-09-09,banco_solidario,12.755,499975,1
2026-09-09,banco_union,11.3,10860,41
2026-09-09,banco_union,12.54,2000000,1
2026-09-09,banco_union,12.7,3099975,1
2026-09-09,banco_union,12.74,49935,1
2026-09-09,banco_union,12.75,1000000,1
2026-09-09,banco_union,12.84,99975,1
2026-09-09,banco_union,12.86,3999975,1
2026-09-10,banco_bisa,11.3,190,1
2026-09-10,banco_bisa,11.55,26,1
2026-09-10,banco_bisa,11.6,50000,1
2026-09-10,banco_bisa,11.7,324080,3
2026-09-10,banco_bisa,11.75,299981,1
2026-09-10,banco_bisa,11.8,100000,1
2026-09-10,banco_bisa,11.85,1324917,9
2026-09-10,banco_bisa,11.87,108675,1
2026-09-10,banco_bisa,11.9,3490795,14
2026-09-10,banco_bisa,11.92,300000,1
2026-09-10,banco_bisa,11.95,2041,5
2026-09-10,banco_bisa,11.97,299925,1
2026-09-10,banco_bisa,12.0,148236,55
2026-09-10,banco_bisa,12.1,3791,4
2026-09-10,banco_bisa,12.3,49175,190
2026-09-10,banco_bisa,12.35,8772,6
2026-09-10,banco_bisa,12.42,3380,1
2026-09-10,banco_bisa,12.5,53183,13
2026-09-10,banco_de_credito,11.52,311144,529
2026-09-10,banco_de_credito,12.1,108383,10
2026-09-10,banco_de_credito,12.2,24705,3
2026-09-10,banco_de_credito,12.32,29950,1
2026-09-10,banco_de_credito,12.42,200000,1
2026-09-10,banco_de_credito,12.52,103100,1
2026-09-10,banco_de_credito,12.57,2000,1
2026-09-10,banco_de_credito,12.77,2947,1
2026-09-10,banco_de_la_nacion_argentina,12.12,55159,13
2026-09-10,banco_de_la_nacion_argentina,12.42,100,1
2026-09-10,banco_economico,11.6,75274,36
2026-09-10,banco_economico,11.8,821036,59
2026-09-10,banco_fie,11.9,500000,1
2026-09-10,banco_fie,11.92,58467,22
2026-09-10,banco_fie,12.0,4000000,1
2026-09-10,banco_fie,12.05,500000,1
2026-09-10,banco_fie,12.1,10315,1
2026-09-10,banco_fortaleza,11.8,100,1
2026-09-10,banco_fortaleza,12.0,69730,4
2026-09-10,banco_fortaleza,12.1,100000,1
2026-09-10,banco_fortaleza,12.2,22247,1
2026-09-10,banco_fortaleza,12.3,17453,1
2026-09-10,banco_fortaleza,12.32,1586,3
2026-09-10,banco_fortaleza,12.42,100002,2
2026-09-10,banco_ganadero,9.63,8617,1
2026-09-10,banco_ganadero,9.73,56272,1
2026-09-10,banco_ganadero,9.8,16007,44
2026-09-10,banco_ganadero,9.8039,5,1
2026-09-10,banco_ganadero,9.8046,7,1
2026-09-10,banco_ganadero,9.96,1604,1
2026-09-10,banco_ganadero,10.5,14900,1
2026-09-10,banco_ganadero,11.2,3814,2
2026-09-10,banco_ganadero,11.83,56,1
2026-09-10,banco_ganadero,11.85,776000,2
2026-09-10,banco_ganadero,12.26,106,1
2026-09-10,banco_ganadero,12.4,111942,21
2026-09-10,banco_ganadero,12.42,3651238,132
2026-09-10,banco_ganadero,12.45,2758,4
2026-09-10,banco_ganadero,12.52,4,3
2026-09-10,banco_ganadero,12.6,8892,14
2026-09-10,banco_ganadero,12.64,80010,26
2026-09-10,banco_mercantil_santa_cruz,11.92,1901911,353
2026-09-10,banco_mercantil_santa_cruz,12.02,19955,1
2026-09-10,banco_mercantil_santa_cruz,12.14,659,1
2026-09-10,banco_mercantil_santa_cruz,12.21,7386046,3
2026-09-10,banco_mercantil_santa_cruz,12.27,19955,1
2026-09-10,banco_mercantil_santa_cruz,12.34,17100,1
2026-09-10,banco_mercantil_santa_cruz,12.52,195127,7
2026-09-10,banco_nacional_de_bolivia,11.0,0,1
2026-09-10,banco_nacional_de_bolivia,11.02,423107,168
2026-09-10,banco_nacional_de_bolivia,11.7,0,1
2026-09-10,banco_nacional_de_bolivia,11.72,315790,97
2026-09-10,banco_nacional_de_bolivia,12.0,6693,1
2026-09-10,banco_nacional_de_bolivia,12.02,48900,1
2026-09-10,banco_nacional_de_bolivia,12.41,1176,20
2026-09-10,banco_nacional_de_bolivia,12.42,9742,9
2026-09-10,banco_prodem,12.12,93599,56
2026-09-10,banco_pyme_de_la_comunidad,12.02,2728,13
2026-09-10,banco_pyme_ecofuturo,12.02,7,2
2026-09-10,banco_solidario,11.5,299975,1
2026-09-10,banco_solidario,11.7,159855,3
2026-09-10,banco_solidario,11.77,85128,1
2026-09-10,banco_solidario,11.8,209574,44
2026-09-10,banco_solidario,11.9,50325,1
2026-09-10,banco_solidario,12.12,910211,1
2026-09-10,banco_solidario,12.42,77588,2
2026-09-10,banco_union,11.3,5232,36
2026-09-10,banco_union,11.5,76970,1
2026-09-11,banco_bisa,10.9,192282,2
2026-09-11,banco_bisa,11.0,2377519,12
2026-09-11,banco_bisa,11.2,459194,1
2026-09-11,banco_bisa,11.3,673000,1
2026-09-11,banco_bisa,11.5,61985,2
2026-09-11,banco_bisa,11.69,2629990,1
2026-09-11,banco_bisa,11.7,991063,4
2026-09-11,banco_bisa,11.74,68572,41
2026-09-11,banco_bisa,11.75,499983,1
2026-09-11,banco_bisa,11.85,1654358,2
2026-09-11,banco_bisa,11.9,51157,192
2026-09-11,banco_bisa,11.95,1767064,2
2026-09-11,banco_bisa,12.04,199965,2
2026-09-11,banco_bisa,12.3,1278,4
2026-09-11,banco_bisa,12.35,285,1
2026-09-11,banco_bisa,12.5,3692,1
2026-09-11,banco_de_credito,11.2,14970,1
2026-09-11,banco_de_credito,11.4,66422,2
2026-09-11,banco_de_credito,11.44,238889,34
2026-09-11,banco_de_credito,11.94,57344,507
2026-09-11,banco_de_credito,12.04,1494,1
2026-09-11,banco_de_credito,12.14,26590,1
2026-09-11,banco_de_credito,12.57,3100,1
2026-09-11,banco_de_credito,12.65,4947,1
2026-09-11,banco_de_credito,12.87,5000,1
2026-09-11,banco_de_la_nacion_argentina,11.44,8048,12
2026-09-11,banco_de_la_nacion_argentina,11.8,13000,1
2026-09-11,banco_de_la_nacion_argentina,12.04,200,1
2026-09-11,banco_economico,11.0,708887,38
2026-09-11,banco_economico,11.2,1500000,1
2026-09-11,banco_fie,11.54,42016,17
2026-09-11,banco_fortaleza,11.94,7845,5
2026-09-11,banco_fortaleza,12.04,203,2
2026-09-11,banco_ganadero,9.63,3156,1
2026-09-11,banco_ganadero,9.73,58910,1
2026-09-11,banco_ganadero,9.8,19459,77
2026-09-11,banco_ganadero,9.96,6322,1
2026-09-11,banco_ganadero,10.0,1640,1
2026-09-11,banco_ganadero,10.23,2460,1
2026-09-11,banco_ganadero,11.25,800000,2
2026-09-11,banco_ganadero,11.3,74000,1
2026-09-11,banco_ganadero,12.02,102605,16
2026-09-11,banco_ganadero,12.04,1393735,59
2026-09-11,banco_ganadero,12.12,99,1
2026-09-11,banco_ganadero,12.14,2510,7
2026-09-11,banco_ganadero,12.26,796,2
2026-09-11,banco_ganadero,12.32,519,3
2026-09-11,banco_ganadero,12.42,95180,42
2026-09-11,banco_ganadero,12.45,109,1
2026-09-11,banco_ganadero,12.58,1042,4
2026-09-11,banco_ganadero,12.6,1140,6
2026-09-11,banco_ganadero,12.64,6795,15
2026-09-11,banco_mercantil_santa_cruz,11.04,214424,3934
2026-09-11,banco_mercantil_santa_cruz,11.54,12106,1
2026-09-11,banco_mercantil_santa_cruz,12.04,318000,8
2026-09-11,banco_mercantil_santa_cruz,12.14,58200,2
2026-09-11,banco_nacional_de_bolivia,10.64,354113,238
2026-09-11,banco_nacional_de_bolivia,11.6,1367278,1
2026-09-11,banco_nacional_de_bolivia,12.03,1248,26
2026-09-11,banco_nacional_de_bolivia,12.04,154,7
2026-09-11,banco_prodem,11.74,221423,58
2026-09-11,banco_pyme_de_la_comunidad,11.64,2425,4
2026-09-11,banco_solidario,11.05,235385,6
2026-09-11,banco_solidario,11.1,28405,1
2026-09-11,banco_solidario,11.13,14880,1
2026-09-11,banco_solidario,11.14,222379,28
2026-09-11,banco_solidario,11.5,4975,1
2026-09-11,banco_solidario,11.7,25,1
2026-09-11,banco_solidario,12.0,704129,3
2026-09-11,banco_solidario,12.04,30000,1
2026-09-11,banco_solidario,12.08,29466,1
2026-09-11,banco_union,11.3,3636,30
2026-09-14,banco_bisa,10.4,300000,3
2026-09-14,banco_bisa,10.5,472252,2
2026-09-14,banco_bisa,10.75,499965,1
2026-09-14,banco_bisa,10.8,14876,66
2026-09-14,banco_bisa,10.85,93918,2
2026-09-14,banco_bisa,10.9,800000,2
2026-09-14,banco_bisa,11.0,4754808,23
2026-09-14,banco_bisa,11.13,96052,37
2026-09-14,banco_bisa,11.53,100,1
2026-09-14,banco_bisa,11.74,3474,1
2026-09-14,banco_de_credito,10.5,232253,14
2026-09-14,banco_de_credito,11.0,3775039,62
2026-09-14,banco_de_credito,11.53,34196,1
2026-09-14,banco_de_credito,11.6,404,1
2026-09-14,banco_de_credito,12.0,5000,1
2026-09-14,banco_de_credito,12.04,10685,2
2026-09-14,banco_de_credito,12.14,35331,2
2026-09-14,banco_de_credito,12.27,4947,1
2026-09-14,banco_de_credito,12.58,4933,1
2026-09-14,banco_de_credito,12.61,2000,1
2026-09-14,banco_de_credito,12.65,650,1
2026-09-14,banco_de_credito,12.7,1943,1
2026-09-14,banco_de_credito,12.77,5000,1
2026-09-14,banco_de_la_nacion_argentina,10.93,4407,8
2026-09-14,banco_economico,10.8,4903,25
2026-09-14,banco_fie,11.03,13888,11
2026-09-14,banco_fortaleza,11.0,20,1
2026-09-14,banco_fortaleza,11.43,13345,3
2026-09-14,banco_ganadero,9.63,5972,1
2026-09-14,banco_ganadero,9.73,38554,1
2026-09-14,banco_ganadero,9.8,37683,51
2026-09-14,banco_ganadero,9.96,5440,1
2026-09-14,banco_ganadero,11.51,116887,18
2026-09-14,banco_ganadero,11.53,1176091,34
2026-09-14,banco_ganadero,11.63,3,3
2026-09-14,banco_ganadero,12.04,3860,12
2026-09-14,banco_ganadero,12.42,3319,5
2026-09-14,banco_ganadero,12.45,37,1
2026-09-14,banco_ganadero,12.58,278,2
2026-09-14,banco_ganadero,12.64,435,2
2026-09-14,banco_mercantil_santa_cruz,10.03,87219,138
2026-09-14,banco_mercantil_santa_cruz,10.48,59950,1
2026-09-14,banco_mercantil_santa_cruz,11.63,122778,2
2026-09-14,banco_nacional_de_bolivia,10.13,139069,139
2026-09-14,banco_nacional_de_bolivia,11.43,319264,1
2026-09-14,banco_nacional_de_bolivia,11.52,1134,25
2026-09-14,banco_nacional_de_bolivia,11.53,3868,3
2026-09-14,banco_nacional_de_bolivia,11.6,59478,14
2026-09-14,banco_prodem,11.23,2114,18
2026-09-14,banco_solidario,10.3,3900,2
2026-09-14,banco_solidario,10.38,9502,33
2026-09-14,banco_solidario,10.5,24875,1
2026-09-14,banco_solidario,10.55,87375,1
2026-09-14,banco_solidario,10.6,7873,1
2026-09-14,banco_solidario,10.8,54160,2
2026-09-14,banco_solidario,10.81,499880,1
2026-09-14,banco_solidario,11.05,267372,3
2026-09-14,banco_union,11.3,22220,44
2026-09-15,banco_bisa,9.5,17430,1
2026-09-15,banco_bisa,9.7,37233,1
2026-09-15,banco_bisa,9.75,587500,2
2026-09-15,banco_bisa,9.8,15753921,6
2026-09-15,banco_bisa,9.85,105000,1
2026-09-15,banco_bisa,10.0,380291,10
2026-09-15,banco_bisa,10.49,112064,36
2026-09-15,banco_bisa,10.8,51630,177
2026-09-15,banco_bisa,11.0,504918,1
2026-09-15,banco_bisa,11.9,998,2
2026-09-15,banco_bisa,12.3,123,1
2026-09-15,banco_bisa,12.35,135,1
2026-09-15,banco_bisa,12.5,128,1
2026-09-15,banco_de_credito,9.5,49559,13
2026-09-15,banco_de_credito,9.8,18200,1
2026-09-15,banco_de_credito,10.0,53156,11
2026-09-15,banco_de_credito,10.3,773544,2
2026-09-15,banco_de_credito,10.4,375676,1
2026-09-15,banco_de_credito,10.5,1734319,487
2026-09-15,banco_de_credito,10.99,67986,1
2026-09-15,banco_de_credito,11.63,90433,1
2026-09-15,banco_de_credito,12.01,940,1
2026-09-15,banco_de_credito,12.27,7815,2
2026-09-15,banco_de_credito,12.57,15411,5
2026-09-15,banco_de_credito,12.71,5373,1
2026-09-15,banco_de_la_nacion_argentina,10.39,10647,9
2026-09-15,banco_de_la_nacion_argentina,10.99,200,1
2026-09-15,banco_economico,10.0,51679,28
2026-09-15,banco_economico,10.1,99680,1
2026-09-15,banco_economico,10.7,1000000,1
2026-09-15,banco_fie,10.3,2400000,1
2026-09-15,banco_fie,10.49,1136,18
2026-09-15,banco_fie,10.61,1000000,1
2026-09-15,banco_fortaleza,10.2,28,1
2026-09-15,banco_fortaleza,10.4,11165,1
2026-09-15,banco_fortaleza,10.5,150000,1
2026-09-15,banco_fortaleza,10.6,49987,1
2026-09-15,banco_fortaleza,10.89,7387,4
2026-09-15,banco_fortaleza,10.99,1030,5
2026-09-15,banco_ganadero,9.55,53982,1
2026-09-15,banco_ganadero,9.63,7338,1
2026-09-15,banco_ganadero,9.8,90841,38
2026-09-15,banco_ganadero,9.85,810394,3
2026-09-15,banco_ganadero,9.96,1350,1
2026-09-15,banco_ganadero,10.97,146078,32
2026-09-15,banco_ganadero,10.99,809952,45
2026-09-15,banco_ganadero,11.09,2,2
2026-09-15,banco_ganadero,11.53,72047,67
2026-09-15,banco_ganadero,12.04,11441,27
2026-09-15,banco_ganadero,12.42,5250,16
2026-09-15,banco_ganadero,12.64,5677,4
2026-09-15,banco_mercantil_santa_cruz,9.49,1149494,147
2026-09-15,banco_mercantil_santa_cruz,9.8,499932,1
2026-09-15,banco_mercantil_santa_cruz,10.99,174935,1
2026-09-15,banco_mercantil_santa_cruz,11.09,210000,4
2026-09-15,banco_nacional_de_bolivia,9.589,1,1
2026-09-15,banco_nacional_de_bolivia,9.59,453467,203
2026-09-15,banco_nacional_de_bolivia,9.6,1,1
2026-09-15,banco_nacional_de_bolivia,10.5,3106,2
2026-09-15,banco_nacional_de_bolivia,10.89,35905,2
2026-09-15,banco_nacional_de_bolivia,10.98,1107,27
2026-09-15,banco_nacional_de_bolivia,10.99,3901,3
2026-09-15,banco_nacional_de_bolivia,11.09,5000,1
2026-09-15,banco_prodem,10.69,1397,9
2026-09-15,banco_pyme_de_la_comunidad,10.59,392,3
2026-09-15,banco_pyme_ecofuturo,10.59,4010,2
2026-09-15,banco_solidario,9.5,3345,2
2026-09-15,banco_solidario,9.6,201623,2
2026-09-15,banco_solidario,9.7,544,1
2026-09-15,banco_solidario,9.89,3149,30
2026-09-15,banco_solidario,9.9,459435,1
2026-09-15,banco_solidario,10.6,3499950,1
2026-09-15,banco_solidario,10.85,1956173,4
2026-09-15,banco_union,10.0,36038,48
2026-09-15,banco_union,10.4,24096,2
2026-09-15,banco_union,10.7,468970,1
2026-09-16,banco_bisa,9.5,19297,20
2026-09-16,banco_bisa,9.7,30924,3
2026-09-16,banco_bisa,9.75,16213812,5
2026-09-16,banco_bisa,9.78,220761,1
2026-09-16,banco_bisa,9.8,1292590,4
2026-09-16,banco_bisa,9.85,634406,3
2026-09-16,banco_bisa,10.0,18509,1
2026-09-16,banco_bisa,10.15,52165,1
2026-09-16,banco_bisa,10.49,16503,7
2026-09-16,banco_bisa,10.8,54352,197
2026-09-16,banco_bisa,11.13,950,1
2026-09-16,banco_bisa,11.6,78,1
2026-09-16,banco_bisa,11.9,4333,12
2026-09-16,banco_bisa,12.3,409,1
2026-09-16,banco_bisa,12.35,542,1
2026-09-16,banco_bisa,12.5,410,1
2026-09-16,banco_de_credito,9.15,40593,11
2026-09-16,banco_de_credito,9.35,19304,1
2026-09-16,banco_de_credito,9.5,35000,1
2026-09-16,banco_de_credito,9.7,22825,1
2026-09-16,banco_de_credito,9.8,98262,2
2026-09-16,banco_de_credito,9.85,440000,1
2026-09-16,banco_de_credito,9.9,135056,3
2026-09-16,banco_de_credito,9.93,1000000,1
2026-09-16,banco_de_credito,10.0,407397,414
2026-09-16,banco_de_credito,10.25,8500,1
2026-09-16,banco_de_credito,10.3,3950,1
2026-09-16,banco_de_credito,11.09,88672,1
2026-09-16,banco_de_credito,11.21,410,1
2026-09-16,banco_de_credito,12.27,600,1
2026-09-16,banco_de_credito,12.52,15000,1
2026-09-16,banco_de_la_nacion_argentina,9.35,436,6
2026-09-16,banco_de_la_nacion_argentina,9.95,169950,1
2026-09-16,banco_de_la_nacion_argentina,10.15,300,1
2026-09-16,banco_economico,9.2,49175,22
2026-09-16,banco_economico,10.0,2200084,5
2026-09-16,banco_fie,9.31,199975,1
2026-09-16,banco_fie,9.36,566702,2
2026-09-16,banco_fie,9.65,8867,16
2026-09-16,banco_fortaleza,9.6,49,1
2026-09-16,banco_fortaleza,9.8,41,1
2026-09-16,banco_fortaleza,10.0,58250,2
2026-09-16,banco_fortaleza,10.05,6192,2
2026-09-16,banco_fortaleza,10.15,2083,2
2026-09-16,banco_ganadero,8.63,9257,1
2026-09-16,banco_ganadero,9.3,8394,37
2026-09-16,banco_ganadero,9.63,2109,16
2026-09-16,banco_ganadero,9.7,170570,1
2026-09-16,banco_ganadero,9.8,17080,1
2026-09-16,banco_ganadero,9.96,3181,1
2026-09-16,banco_ganadero,10.13,119295,24
2026-09-16,banco_ganadero,10.15,696297,239
2026-09-16,banco_ganadero,10.25,2,2
2026-09-16,banco_ganadero,10.99,37535,32
2026-09-16,banco_ganadero,11.53,21188,40
2026-09-16,banco_ganadero,11.92,881,1
2026-09-16,banco_ganadero,12.04,5078,11
2026-09-16,banco_ganadero,12.42,3047,6
2026-09-16,banco_ganadero,12.45,228,1
2026-09-16,banco_ganadero,12.58,1110,3
2026-09-16,banco_ganadero,12.6,63,1
2026-09-16,banco_ganadero,12.64,2031,3
2026-09-16,banco_mercantil_santa_cruz,8.65,61604,140
2026-09-16,banco_mercantil_santa_cruz,9.8,300000,1
2026-09-16,banco_mercantil_santa_cruz,10.0,1012475,1
2026-09-16,banco_mercantil_santa_cruz,10.25,50000,4
2026-09-16,banco_nacional_de_bolivia,8.75,11279,25
2026-09-16,banco_nacional_de_bolivia,8.8,0,1
2026-09-16,banco_nacional_de_bolivia,9.75,59216,123
2026-09-16,banco_nacional_de_bolivia,9.8,250000,1
2026-09-16,banco_nacional_de_bolivia,10.0,1500000,2
2026-09-16,banco_nacional_de_bolivia,10.14,1805,17
2026-09-16,banco_nacional_de_bolivia,10.148,4000,2
2026-09-16,banco_prodem,9.85,889,9
2026-09-16,banco_pyme_de_la_comunidad,9.75,217,5
2026-09-16,banco_pyme_de_la_comunidad,10.25,162,3
2026-09-16,banco_pyme_ecofuturo,9.75,1368,2
2026-09-16,banco_solidario,9.14,14979,26
2026-09-16,banco_solidario,9.4,5247,2
2026-09-16,banco_solidario,9.5,3405,1
2026-09-16,banco_solidario,9.6,50776,2
2026-09-16,banco_solidario,9.7,813261,2
2026-09-16,banco_solidario,10.4,709925,3
2026-09-16,banco_union,9.15,128497,48
2026-09-16,banco_union,11.3,264,1
2026-09-17,banco_bisa,9.53,79574,37
2026-09-17,banco_bisa,9.63,1526,2
2026-09-17,banco_bisa,9.65,10245,1
2026-09-17,banco_bisa,9.75,22582,1
2026-09-17,banco_bisa,9.8,800000,2
2026-09-17,banco_bisa,9.83,1410851,6
2026-09-17,banco_bisa,9.9,733418,2
2026-09-17,banco_bisa,9.93,100000,1
2026-09-17,banco_bisa,10.0,33583,139
2026-09-17,banco_bisa,10.01,5000000,1
2026-09-17,banco_bisa,10.8,2604,6
2026-09-17,banco_bisa,12.1,83,1
2026-09-17,banco_bisa,12.5,161,1
2026-09-17,banco_de_credito,9.33,31165,7
2026-09-17,banco_de_credito,9.4,18695,1
2026-09-17,banco_de_credito,9.5,19950,1
2026-09-17,banco_de_credito,9.6,199950,2
2026-09-17,banco_de_credito,9.8,49925,1
2026-09-17,banco_de_credito,9.83,1270,1
2026-09-17,banco_de_credito,9.85,6348,1
2026-09-17,banco_de_credito,9.9,289229,9
2026-09-17,banco_de_credito,9.93,25000,1
2026-09-17,banco_de_credito,9.95,17791,2
2026-09-17,banco_de_credito,10.0,767240,4
2026-09-17,banco_de_credito,10.03,29787,445
2026-09-17,banco_de_credito,10.25,4575,1
2026-09-17,banco_de_credito,10.5,349915,1
2026-09-17,banco_de_credito,10.52,5151,2
2026-09-17,banco_de_credito,11.5,605132,1
2026-09-17,banco_de_credito,11.64,4616,1
2026-09-17,banco_de_credito,11.97,1000,1
2026-09-17,banco_de_credito,12.01,5815,3
2026-09-17,banco_de_credito,12.7,20299,1
2026-09-17,banco_de_credito,13.97,4800,1
2026-09-17,banco_de_la_nacion_argentina,9.03,2180,20
2026-09-17,banco_de_la_nacion_argentina,9.9,15000,1
2026-09-17,banco_economico,9.0,58113,26
2026-09-17,banco_economico,9.92,99990,1
2026-09-17,banco_economico,10.5,470627,3
2026-09-17,banco_fie,9.33,66,7
2026-09-17,banco_fie,9.7,150035,1
2026-09-17,banco_fie,9.8,50000,1
2026-09-17,banco_fortaleza,9.0,66,2
2026-09-17,banco_fortaleza,9.83,25275,4
2026-09-17,banco_ganadero,8.1,4876,1
2026-09-17,banco_ganadero,8.2,23616,1
2026-09-17,banco_ganadero,8.36,5229,1
2026-09-17,banco_ganadero,9.0,8594,46
2026-09-17,banco_ganadero,9.3,49950,1
2026-09-17,banco_ganadero,9.63,694,6
2026-09-17,banco_ganadero,9.81,95975,12
2026-09-17,banco_ganadero,9.83,348334,144
2026-09-17,banco_ganadero,9.86,258148,26
2026-09-17,banco_ganadero,9.93,3,3
2026-09-17,banco_ganadero,10.0,319982,1
2026-09-17,banco_ganadero,10.15,37585,22
2026-09-17,banco_ganadero,10.6,199975,1
2026-09-17,banco_ganadero,10.99,1742,5
2026-09-17,banco_ganadero,11.53,13137,16
2026-09-17,banco_ganadero,12.04,1213,5
2026-09-17,banco_ganadero,12.42,1578,4
2026-09-17,banco_ganadero,12.58,2515,2
2026-09-17,banco_ganadero,12.6,167,2
2026-09-17,banco_mercantil_santa_cruz,8.33,134731,116
2026-09-17,banco_mercantil_santa_cruz,8.65,8735,1
2026-09-17,banco_mercantil_santa_cruz,9.83,90000,1
2026-09-17,banco_mercantil_santa_cruz,10.0,99940,1
2026-09-17,banco_mercantil_santa_cruz,10.01,1000000,1
2026-09-17,banco_mercantil_santa_cruz,10.02,209800,2
2026-09-17,banco_mercantil_santa_cruz,10.06,500000,1
2026-09-17,banco_nacional_de_bolivia,9.43,114276,141
2026-09-17,banco_nacional_de_bolivia,9.73,24390,2
2026-09-17,banco_nacional_de_bolivia,9.8,145733,1
2026-09-17,banco_nacional_de_bolivia,9.82,2392,16
2026-09-17,banco_nacional_de_bolivia,10.0,1409233,2
2026-09-17,banco_nacional_de_bolivia,10.05,1999900,3
2026-09-17,banco_prodem,9.53,4648,11
2026-09-17,banco_pyme_de_la_comunidad,9.43,266,6
2026-09-17,banco_pyme_ecofuturo,9.43,18,1
2026-09-17,banco_solidario,8.85,5891,33
2026-09-17,banco_solidario,9.5,95,1
2026-09-17,banco_solidario,9.7,27,1
2026-09-17,banco_solidario,9.755,75575,1
2026-09-17,banco_solidario,9.8,99855,5
2026-09-17,banco_solidario,9.83,186245,3
2026-09-17,banco_solidario,9.94,1999975,1
2026-09-17,banco_solidario,10.0,7705,1
2026-09-17,banco_union,8.83,5945,30
2026-09-17,banco_union,9.15,6990,1
2026-09-18,banco_bisa,8.51,1,1
2026-09-18,banco_bisa,9.53,2785,1
2026-09-18,banco_bisa,9.81,38624,23
2026-09-18,banco_bisa,9.9,163558,297
2026-09-18,banco_bisa,9.91,994,1
2026-09-18,banco_bisa,10.0,1769,1
2026-09-18,banco_bisa,10.01,1134857,7
2026-09-18,banco_bisa,10.1,44715,3
2026-09-18,banco_bisa,10.45,27500,1
2026-09-18,banco_bisa,10.5,6226000,2
2026-09-18,banco_bisa,10.6,200000,1
2026-09-18,banco_bisa,10.8,111,1
2026-09-18,banco_bisa,11.4,50,1
2026-09-18,banco_bisa,12.5,1405,3
2026-09-18,banco_de_credito,9.51,48822,14
2026-09-18,banco_de_credito,9.6,9980,1
2026-09-18,banco_de_credito,10.0,154645,1
2026-09-18,banco_de_credito,10.01,179940,1
2026-09-18,banco_de_credito,10.11,24437,2
2026-09-18,banco_de_credito,10.5,7950,1
2026-09-18,banco_de_credito,10.52,200,1
2026-09-18,banco_de_credito,10.55,236,1
2026-09-18,banco_de_credito,11.0,512686,2
2026-09-18,banco_de_credito,11.11,1537204,1
2026-09-18,banco_de_credito,11.2,36854,1
2026-09-18,banco_de_credito,11.5,276879,528
2026-09-18,banco_de_credito,12.0,350000,3
2026-09-18,banco_de_credito,12.19,200,1
2026-09-18,banco_de_la_nacion_argentina,9.21,635,5
2026-09-18,banco_de_la_nacion_argentina,9.5,4500,1
2026-09-18,banco_de_la_nacion_argentina,10.01,200,1
2026-09-18,banco_economico,9.5,11614,15
2026-09-18,banco_economico,10.1,500000,1
2026-09-18,banco_economico,11.3,200000,1
2026-09-18,banco_economico,12.0,2320988,4
2026-09-18,banco_fie,9.51,157,10
2026-09-18,banco_fie,10.0,549849,1
2026-09-18,banco_fie,10.03,23975,1
2026-09-18,banco_fie,10.1,300000,1
2026-09-18,banco_fortaleza,9.2,16,1
2026-09-18,banco_fortaleza,9.5,121,1
2026-09-18,banco_fortaleza,9.91,36000,1
2026-09-18,banco_fortaleza,10.01,618,3
2026-09-18,banco_ganadero,8.1,3070,2
2026-09-18,banco_ganadero,8.2,31027,1
2026-09-18,banco_ganadero,8.5,6714,2
2026-09-18,banco_ganadero,9.0,28182,34
2026-09-18,banco_ganadero,9.2,4000,1
2026-09-18,banco_ganadero,9.63,363,1
2026-09-18,banco_ganadero,9.83,13171,37
2026-09-18,banco_ganadero,9.86,27542,9
2026-09-18,banco_ganadero,9.99,95827,62
2026-09-18,banco_ganadero,10.01,286195,61
2026-09-18,banco_ganadero,10.06,895957,14
2026-09-18,banco_ganadero,10.11,3,3
2026-09-18,banco_ganadero,10.15,1339,7
2026-09-18,banco_ganadero,10.3,807882,2
2026-09-18,banco_ganadero,10.43,100000,1
2026-09-18,banco_ganadero,10.8,50000,1
2026-09-18,banco_ganadero,10.99,541,5
2026-09-18,banco_ganadero,11.2,1184500,1
2026-09-18,banco_ganadero,11.3,136426,1
2026-09-18,banco_ganadero,11.53,1031,5
2026-09-18,banco_ganadero,12.04,560,2
2026-09-18,banco_ganadero,12.08,499975,1
2026-09-18,banco_ganadero,12.42,133,2
2026-09-18,banco_ganadero,12.45,161,1
2026-09-18,banco_mercantil_santa_cruz,9.76,127756,4885
2026-09-18,banco_mercantil_santa_cruz,9.8,6555,1
2026-09-18,banco_mercantil_santa_cruz,10.1,500000,2
2026-09-18,banco_mercantil_santa_cruz,10.15,8472,1
2026-09-18,banco_mercantil_santa_cruz,11.6,50000,1
2026-09-18,banco_mercantil_santa_cruz,12.02,5025759,1
2026-09-18,banco_mercantil_santa_cruz,12.1,1000000,2
2026-09-18,banco_nacional_de_bolivia,9.43,7452,2
2026-09-18,banco_nacional_de_bolivia,9.61,661,19
2026-09-18,banco_nacional_de_bolivia,9.62,1,1
2026-09-18,banco_nacional_de_bolivia,9.91,166,1
2026-09-18,banco_nacional_de_bolivia,10.0,296,1
2026-09-18,banco_nacional_de_bolivia,10.01,12680,6
2026-09-18,banco_nacional_de_bolivia,10.11,79222,173
2026-09-18,banco_nacional_de_bolivia,10.25,4932,1
2026-09-18,banco_nacional_de_bolivia,10.6,273152,1
2026-09-18,banco_nacional_de_bolivia,11.0,1184875,1
2026-09-18,banco_nacional_de_bolivia,11.51,1000000,1
2026-09-18,banco_prodem,9.71,617,4
2026-09-18,banco_pyme_de_la_comunidad,9.61,10400,2
2026-09-18,banco_pyme_ecofuturo,9.61,1,2
2026-09-18,banco_solidario,9.01,2815,20
2026-09-18,banco_solidario,10.0,100000,2
2026-09-18,banco_solidario,10.01,79418,4
2026-09-18,banco_solidario,10.026,518605,1
2026-09-18,banco_solidario,10.03,20310,1
2026-09-18,banco_solidario,10.05,499955,1
2026-09-18,banco_solidario,10.1,50551,1
2026-09-18,banco_solidario,11.0,49785,1
2026-09-18,banco_solidario,11.81,1218,1
2026-09-18,banco_union,9.01,86099,35
2026-09-21,banco_bisa,10.1,14194,59
2026-09-21,banco_bisa,10.4,0,1
2026-09-21,banco_bisa,10.6,1,1
2026-09-21,banco_bisa,10.8,10225,29
2026-09-21,banco_bisa,11.0,21151,6
2026-09-21,banco_bisa,11.5,523771,3
2026-09-21,banco_bisa,11.65,500000,1
2026-09-21,banco_bisa,12.1,399900,2
2026-09-21,banco_bisa,12.2,299980,1
2026-09-21,banco_de_credito,10.2,6268,1
2026-09-21,banco_de_credito,10.5,39980,13
2026-09-21,banco_de_credito,11.1,10900,1
2026-09-21,banco_de_credito,11.17,4954,1
2026-09-21,banco_de_credito,11.21,7500,2
2026-09-21,banco_de_credito,11.5,280622,744
2026-09-21,banco_de_credito,11.6,376,1
2026-09-21,banco_de_credito,11.65,82000,1
2026-09-21,banco_de_credito,11.7,11828,1
2026-09-21,banco_de_credito,11.75,100418,1
2026-09-21,banco_de_credito,11.8,6100,2
2026-09-21,banco_de_credito,11.9,56850,1
2026-09-21,banco_de_credito,11.95,40000,1
2026-09-21,banco_de_credito,12.0,104942,10
2026-09-21,banco_de_credito,12.05,686532,2
2026-09-21,banco_de_credito,12.1,49925,1
2026-09-21,banco_de_credito,12.2,221311,1
2026-09-21,banco_de_credito,12.24,640,1
2026-09-21,banco_de_credito,12.25,179900,1
2026-09-21,banco_de_credito,12.3,399900,2
2026-09-21,banco_de_credito,12.35,1040000,2
2026-09-21,banco_de_credito,12.54,285,1
2026-09-21,banco_de_la_nacion_argentina,10.5,3945,34
2026-09-21,banco_de_la_nacion_argentina,11.3,6800,1
2026-09-21,banco_de_la_nacion_argentina,11.5,54000,1
2026-09-21,banco_economico,10.5,9491,26
2026-09-21,banco_economico,11.5,30000,1
2026-09-21,banco_economico,11.9,250000,1
2026-09-21,banco_economico,12.2,499982,1
2026-09-21,banco_economico,12.3,449975,1
2026-09-21,banco_economico,12.35,1813628,2
2026-09-21,banco_economico,12.45,999925,3
2026-09-21,banco_fie,10.5,651,11
2026-09-21,banco_fortaleza,10.9,213,2
2026-09-21,banco_fortaleza,11.0,8,1
2026-09-21,banco_fortaleza,11.8,97535,1
2026-09-21,banco_ganadero,8.1,11137,1
2026-09-21,banco_ganadero,8.2,27794,1
2026-09-21,banco_ganadero,9.0,5492,38
2026-09-21,banco_ganadero,9.63,426,2
2026-09-21,banco_ganadero,9.83,675,5
2026-09-21,banco_ganadero,10.01,2009,6
2026-09-21,banco_ganadero,10.5997,149,1
2026-09-21,banco_ganadero,10.99,42,1
2026-09-21,banco_ganadero,11.0,222493,21
2026-09-21,banco_ganadero,11.0014,29,1
2026-09-21,banco_ganadero,11.1,1,1
2026-09-21,banco_ganadero,11.2,22,1
2026-09-21,banco_ganadero,11.23,140628,16
2026-09-21,banco_ganadero,11.25,811964,61
2026-09-21,banco_ganadero,11.52,475816,1
2026-09-21,banco_ganadero,11.53,572,3
2026-09-21,banco_ganadero,11.6499,93,1
2026-09-21,banco_ganadero,11.7,1050000,2
2026-09-21,banco_ganadero,11.95,349980,1
2026-09-21,banco_ganadero,12.04,83,1
2026-09-21,banco_ganadero,12.18,99920,1
2026-09-21,banco_ganadero,12.25,299975,1
2026-09-21,banco_ganadero,12.26,10,1
2026-09-21,banco_ganadero,12.32,899975,1
2026-09-21,banco_ganadero,12.35,500000,1
2026-09-21,banco_ganadero,12.405,2000000,1
2026-09-21,banco_ganadero,12.42,1162,2
2026-09-21,banco_ganadero,12.58,56,1
2026-09-21,banco_ganadero,12.6,238,2
2026-09-21,banco_ganadero,12.64,1157,1
2026-09-21,banco_mercantil_santa_cruz,8.86,66275,4
2026-09-21,banco_mercantil_santa_cruz,10.75,1398032,138
2026-09-21,banco_mercantil_santa_cruz,10.9,51000,2
2026-09-21,banco_mercantil_santa_cruz,11.0,15,1
2026-09-21,banco_mercantil_santa_cruz,11.1,49070,1
2026-09-21,banco_mercantil_santa_cruz,12.0,2000000,2
2026-09-21,banco_mercantil_santa_cruz,12.1,999925,1
2026-09-21,banco_nacional_de_bolivia,10.9,2600,2
2026-09-21,banco_nacional_de_bolivia,11.0,1184896,2
2026-09-21,banco_nacional_de_bolivia,11.01,613,1
2026-09-21,banco_nacional_de_bolivia,11.1,168266,214
2026-09-21,banco_nacional_de_bolivia,11.125,0,1
2026-09-21,banco_nacional_de_bolivia,11.7,299982,1
2026-09-21,banco_nacional_de_bolivia,12.4,1000000,1
2026-09-21,banco_prodem,10.7,5942,12
2026-09-21,banco_pyme_de_la_comunidad,10.6,111,3
2026-09-21,banco_solidario,9.9,8966,44
2026-09-21,banco_solidario,10.0,144,1
2026-09-21,banco_solidario,11.9,25,1
2026-09-21,banco_solidario,12.1,25,1
2026-09-21,banco_union,10.0,20478,45
2026-09-22,banco_bisa,9.9,30,1
2026-09-22,banco_bisa,10.0,141,1
2026-09-22,banco_bisa,10.1,31869,138
2026-09-22,banco_bisa,11.5,105228,1
2026-09-22,banco_bisa,11.7,57861,47
2026-09-22,banco_bisa,11.9,25688830,8
2026-09-22,banco_bisa,11.94,4482167,1
2026-09-22,banco_bisa,11.95,45968,3
2026-09-22,banco_bisa,12.0,2933382,17
2026-09-22,banco_bisa,12.05,153924,4
2026-09-22,banco_bisa,12.1,1294933,3
2026-09-22,banco_bisa,12.18,599988,1
2026-09-22,banco_bisa,12.22,130661,1
2026-09-22,banco_bisa,12.25,999960,1
2026-09-22,banco_bisa,12.28,500000,1
2026-09-22,banco_bisa,12.3,1000000,1
2026-09-22,banco_bisa,12.31,319960,1
2026-09-22,banco_bisa,12.5,119,1
2026-09-22,banco_de_credito,10.52,18970,5
2026-09-22,banco_de_credito,11.5,29788,16
2026-09-22,banco_de_credito,11.6,20995,2
2026-09-22,banco_de_credito,11.63,12931,1
2026-09-22,banco_de_credito,11.8,76831,1
2026-09-22,banco_de_credito,11.9,100000,1
2026-09-22,banco_de_credito,12.0,421714,5
2026-09-22,banco_de_credito,12.1,234340,580
2026-09-22,banco_de_credito,12.15,399865,2
2026-09-22,banco_de_credito,12.25,974024,4
2026-09-22,banco_de_credito,12.3,2019983,2
2026-09-22,banco_de_credito,12.34,999940,1
2026-09-22,banco_de_credito,12.35,406915,2
2026-09-22,banco_de_credito,12.45,309940,1
2026-09-22,banco_de_credito,12.5,3000000,1
2026-09-22,banco_de_credito,12.555,499975,1
2026-09-22,banco_de_credito,12.57,655,1
2026-09-22,banco_de_credito,12.58,1250,1
2026-09-22,banco_de_la_nacion_argentina,11.6,3024,11
2026-09-22,banco_de_la_nacion_argentina,12.0,8500,1
2026-09-22,banco_de_la_nacion_argentina,12.15,28000,1
2026-09-22,banco_economico,11.0,72275,46
2026-09-22,banco_economico,12.1,12550,1
2026-09-22,banco_economico,12.25,217767,2
2026-09-22,banco_economico,12.3,1837704,2
2026-09-22,banco_economico,12.4,499982,1
2026-09-22,banco_economico,12.45,450000,1
2026-09-22,banco_economico,12.5,1004950,2
2026-09-22,banco_fie,11.0,499905,1
2026-09-22,banco_fie,11.4,1596,16
2026-09-22,banco_fortaleza,10.25,960,1
2026-09-22,banco_fortaleza,11.8,5004,2
2026-09-22,banco_fortaleza,12.4,500000,1
2026-09-22,banco_ganadero,8.1,5387,1
2026-09-22,banco_ganadero,8.2,19941,2
2026-09-22,banco_ganadero,9.5,17657,35
2026-09-22,banco_ganadero,10.15,208,2
2026-09-22,banco_ganadero,11.0,1337,6
2026-09-22,banco_ganadero,11.25,55126,29
2026-09-22,banco_ganadero,11.5,60,1
2026-09-22,banco_ganadero,11.53,373,3
2026-09-22,banco_ganadero,11.6,2426677,3
2026-09-22,banco_ganadero,11.7,100000,1
2026-09-22,banco_ganadero,11.88,25260,17
2026-09-22,banco_ganadero,11.9,1660647,22
2026-09-22,banco_ganadero,12.0,2,3
2026-09-22,banco_ganadero,12.04,428,3
2026-09-22,banco_ganadero,12.08,59891,13
2026-09-22,banco_ganadero,12.1,817762,42
2026-09-22,banco_ganadero,12.18,99216,1
2026-09-22,banco_ganadero,12.2,872987,1
2026-09-22,banco_ganadero,12.32,499975,1
2026-09-22,banco_ganadero,12.34,800077,1
2026-09-22,banco_ganadero,12.35,605902,1
2026-09-22,banco_ganadero,12.42,415,2
2026-09-22,banco_ganadero,12.45,2999964,2
2026-09-22,banco_mercantil_santa_cruz,11.65,403825,296
2026-09-22,banco_mercantil_santa_cruz,11.93,4525510,1
2026-09-22,banco_mercantil_santa_cruz,12.05,48364,1
2026-09-22,banco_mercantil_santa_cruz,12.13,49899,1
2026-09-22,banco_mercantil_santa_cruz,12.21,372459,2
2026-09-22,banco_mercantil_santa_cruz,12.48,2280258,1
2026-09-22,banco_nacional_de_bolivia,11.1,2475,1
2026-09-22,banco_nacional_de_bolivia,11.8,18969,6
2026-09-22,banco_nacional_de_bolivia,11.9,2006893,13
2026-09-22,banco_nacional_de_bolivia,12.0,382546,294
2026-09-22,banco_nacional_de_bolivia,12.265,699980,1
2026-09-22,banco_nacional_de_bolivia,12.34,668792,1
2026-09-22,banco_nacional_de_bolivia,12.35,1081180,2
2026-09-22,banco_prodem,11.6,12259,13
2026-09-22,banco_pyme_de_la_comunidad,11.5,225,3
2026-09-22,banco_pyme_ecofuturo,11.5,49,1
2026-09-22,banco_pyme_ecofuturo,12.0,1000000,1
2026-09-22,banco_solidario,10.71,7602,23
2026-09-22,banco_solidario,11.0,8815,1
2026-09-22,banco_solidario,11.2,30160,4
2026-09-22,banco_solidario,11.5,1235,2
2026-09-22,banco_solidario,11.9,34935,1
2026-09-22,banco_solidario,12.0,2484722,2
2026-09-22,banco_solidario,12.05,99975,1
2026-09-22,banco_union,9.01,6,1
2026-09-22,banco_union,10.9,54532,52
2026-09-23,banco_bisa,9.9,988,1
2026-09-23,banco_bisa,10.0,101,1
2026-09-23,banco_bisa,10.1,27997,108
2026-09-23,banco_bisa,11.6,50000,1
2026-09-23,banco_bisa,11.86,61371,22
2026-09-23,banco_bisa,11.9,130987,3
2026-09-23,banco_bisa,11.96,25552,1
2026-09-23,banco_bisa,11.98,20000,1
2026-09-23,banco_bisa,12.0,205949,5
2026-09-23,banco_bisa,12.05,50000,1
2026-09-23,banco_bisa,12.06,120955,3
2026-09-23,banco_bisa,12.15,2278987,6
2026-09-23,banco_bisa,12.16,31470,1
2026-09-23,banco_bisa,12.17,450000,1
2026-09-23,banco_bisa,12.2,300000,2
2026-09-23,banco_bisa,12.25,49970,1
2026-09-23,banco_bisa,12.3,1000000,1
2026-09-23,banco_bisa,12.31,1160000,1
2026-09-23,banco_bisa,12.5,201,1
2026-09-23,banco_de_credito,10.2,7173,2
2026-09-23,banco_de_credito,11.21,5000,1
2026-09-23,banco_de_credito,11.56,121193,19
2026-09-23,banco_de_credito,11.6,30566,1
2026-09-23,banco_de_credito,12.06,35245,2
2026-09-23,banco_de_credito,12.1,168125,1
2026-09-23,banco_de_credito,12.11,37714,498
2026-09-23,banco_de_credito,12.15,103933,5
2026-09-23,banco_de_credito,12.16,106192,3
2026-09-23,banco_de_credito,12.2,12920,1
2026-09-23,banco_de_credito,12.3,245438,2
2026-09-23,banco_de_credito,12.65,2601,1
2026-09-23,banco_de_credito,12.8,4968,1
2026-09-23,banco_de_la_nacion_argentina,11.76,1847,20
2026-09-23,banco_de_la_nacion_argentina,11.96,9000,1
2026-09-23,banco_de_la_nacion_argentina,12.06,400,2
2026-09-23,banco_de_la_nacion_argentina,12.1,18000,1
2026-09-23,banco_economico,11.56,52615,42
2026-09-23,banco_economico,12.2,400000,1
2026-09-23,banco_economico,12.32,999980,1
2026-09-23,banco_economico,12.4,1232983,4
2026-09-23,banco_fie,11.56,3359,14
2026-09-23,banco_fie,12.05,104705,2
2026-09-23,banco_fie,12.3,700000,2
2026-09-23,banco_fie,12.48,64000,1
2026-09-23,banco_fortaleza,11.85,51347,2
2026-09-23,banco_fortaleza,11.96,11198,5
2026-09-23,banco_fortaleza,12.06,53,3
2026-09-23,banco_fortaleza,12.5,342945,1
2026-09-23,banco_ganadero,8.1,6627,1
2026-09-23,banco_ganadero,8.2,33005,1
2026-09-23,banco_ganadero,9.5,7286,35
2026-09-23,banco_ganadero,9.63,80,1
2026-09-23,banco_ganadero,10.01,531,2
2026-09-23,banco_ganadero,10.15,88,2
2026-09-23,banco_ganadero,10.99,159,1
2026-09-23,banco_ganadero,11.0,157,1
2026-09-23,banco_ganadero,11.25,4180,22
2026-09-23,banco_ganadero,11.5,70000,1
2026-09-23,banco_ganadero,11.9,3252,12
2026-09-23,banco_ganadero,11.92,134,1
2026-09-23,banco_ganadero,12.0,11583,2
2026-09-23,banco_ganadero,12.04,357,2
2026-09-23,banco_ganadero,12.06,151923,5
2026-09-23,banco_ganadero,12.08,129621,25
2026-09-23,banco_ganadero,12.1,977863,70
2026-09-23,banco_ganadero,12.25,2000000,1
2026-09-23,banco_ganadero,12.3,2299935,2
2026-09-23,banco_ganadero,12.335,500000,1
2026-09-23,banco_ganadero,12.35,2959078,6
2026-09-23,banco_ganadero,12.37,599975,1
2026-09-23,banco_ganadero,12.4,2000000,2
2026-09-23,banco_ganadero,12.415,3900000,1
2026-09-23,banco_ganadero,12.58,115,1
2026-09-23,banco_ganadero,12.64,524,3
2026-09-23,banco_mercantil_santa_cruz,11.81,353019,157
2026-09-23,banco_mercantil_santa_cruz,12.13,50000,1
2026-09-23,banco_mercantil_santa_cruz,12.16,52400,1
2026-09-23,banco_mercantil_santa_cruz,12.23,500000,1
2026-09-23,banco_mercantil_santa_cruz,12.38,299915,1
2026-09-23,banco_nacional_de_bolivia,11.758,2,1
2026-09-23,banco_nacional_de_bolivia,11.76,287329,193
2026-09-23,banco_nacional_de_bolivia,11.86,80427,1
2026-09-23,banco_nacional_de_bolivia,11.96,228000,1
2026-09-23,banco_nacional_de_bolivia,12.0,9025,1
2026-09-23,banco_nacional_de_bolivia,12.02,570768,1
2026-09-23,banco_nacional_de_bolivia,12.05,551012,23
2026-09-23,banco_nacional_de_bolivia,12.06,0,2
2026-09-23,banco_nacional_de_bolivia,12.16,239347,55
2026-09-23,banco_nacional_de_bolivia,12.3,49975,1
2026-09-23,banco_nacional_de_bolivia,12.35,199807,1
2026-09-23,banco_prodem,11.76,15443,17
2026-09-23,banco_pyme_de_la_comunidad,11.66,1290,4
2026-09-23,banco_pyme_ecofuturo,11.66,3,1
2026-09-23,banco_pyme_ecofuturo,12.56,500000,1
2026-09-23,banco_solidario,10.85,25327,30
2026-09-23,banco_solidario,12.05,50000,2
2026-09-23,banco_solidario,12.06,18980,2
2026-09-23,banco_solidario,12.15,718703,1
2026-09-23,banco_solidario,12.16,3525,1
2026-09-23,banco_solidario,12.19,29975,1
2026-09-23,banco_solidario,12.315,459880,1
2026-09-23,banco_solidario,12.351,89905,1
2026-09-23,banco_solidario,12.38,87389,2
2026-09-23,banco_solidario,12.405,85629,1
2026-09-23,banco_solidario,12.41,862887,1
2026-09-23,banco_solidario,12.46,99905,1
2026-09-23,banco_union,10.0,20,2
2026-09-23,banco_union,11.06,24619,57
2026-09-24,banco_bisa,9.9,183,1
2026-09-24,banco_bisa,10.0,40,1
2026-09-24,banco_bisa,10.1,11885,6
2026-09-24,banco_bisa,11.86,2992,3
2026-09-24,banco_bisa,12.0,107907,135
2026-09-24,banco_bisa,12.06,5135319,49
2026-09-24,banco_bisa,12.1,205302,2
2026-09-24,banco_bisa,12.16,39017,1
2026-09-24,banco_bisa,12.2,289000,2
2026-09-24,banco_bisa,12.245,16032350,1
2026-09-24,banco_bisa,12.25,500000,1
2026-09-24,banco_bisa,12.3,3000000,1
2026-09-24,banco_de_credito,10.52,2800,1
2026-09-24,banco_de_credito,11.76,20739,13
2026-09-24,banco_de_credito,12.0,24565,6
2026-09-24,banco_de_credito,12.1,53038,4
2026-09-24,banco_de_credito,12.2,328088,309
2026-09-24,banco_de_credito,12.26,32353,1
2026-09-24,banco_de_credito,12.47,2054,1
2026-09-24,banco_de_credito,12.5,15624,1
2026-09-24,banco_de_credito,12.55,2400,1
2026-09-24,banco_de_credito,12.66,3500,1
2026-09-24,banco_economico,11.6,50,1
2026-09-24,banco_fie,11.76,271,10
2026-09-24,banco_fie,12.0,500000,1
2026-09-24,banco_fie,12.01,1000000,1
2026-09-24,banco_fie,12.15,8770,1
2026-09-24,banco_fie,12.18,18240,1
2026-09-24,banco_fie,12.3,130369,1
2026-09-24,banco_fie,12.54,300000,1
2026-09-24,banco_fie,12.56,399975,1
2026-09-24,banco_fie,12.5615,68546,1
2026-09-24,banco_fortaleza,12.16,15600,6
2026-09-24,banco_fortaleza,12.26,101,2
2026-09-24,banco_fortaleza,12.4,986287,1
2026-09-24,banco_ganadero,8.1,2274,1
2026-09-24,banco_ganadero,8.2,28800,1
2026-09-24,banco_ganadero,9.5,1588,16
2026-09-24,banco_ganadero,9.83,153,1
2026-09-24,banco_ganadero,10.15,99,1
2026-09-24,banco_ganadero,11.0,109,1
2026-09-24,banco_ganadero,11.25,2172,8
2026-09-24,banco_ganadero,11.9,1496,3
2026-09-24,banco_ganadero,12.05,606,1
2026-09-24,banco_ganadero,12.1,40206,34
2026-09-24,banco_ganadero,12.24,62105,26
2026-09-24,banco_ganadero,12.26,924798,50
2026-09-24,banco_ganadero,12.36,65,7
2026-09-24,banco_mercantil_santa_cruz,12.01,1203001,146
2026-09-24,banco_mercantil_santa_cruz,12.2,100000,1
2026-09-24,banco_mercantil_santa_cruz,12.25,499932,1
2026-09-24,banco_mercantil_santa_cruz,12.26,280000,1
2026-09-24,banco_mercantil_santa_cruz,12.32,1027007,1
2026-09-24,banco_mercantil_santa_cruz,12.36,2125456,3
2026-09-24,banco_mercantil_santa_cruz,12.38,3000000,2
2026-09-24,banco_nacional_de_bolivia,11.947,0,1
2026-09-24,banco_nacional_de_bolivia,11.96,180715,185
2026-09-24,banco_nacional_de_bolivia,12.0,0,1
2026-09-24,banco_nacional_de_bolivia,12.02,1429232,1
2026-09-24,banco_nacional_de_bolivia,12.16,93915,3
2026-09-24,banco_nacional_de_bolivia,12.18,25331,1
2026-09-24,banco_nacional_de_bolivia,12.2,183005,1
2026-09-24,banco_nacional_de_bolivia,12.23,299985,1
2026-09-24,banco_nacional_de_bolivia,12.25,1441,26
2026-09-24,banco_nacional_de_bolivia,12.258,585500,3
2026-09-24,banco_prodem,11.96,18000,9
2026-09-24,banco_pyme_de_la_comunidad,11.86,15123,4
2026-09-24,banco_pyme_de_la_comunidad,12.26,800,1
2026-09-24,banco_solidario,11.03,2461,14
2026-09-24,banco_solidario,12.15,95,1
2026-09-24,banco_solidario,12.46,6962,1
2026-09-24,banco_union,10.9,33,1
2026-09-24,banco_union,11.26,59356,43
2026-09-24,banco_union,12.51,350000,1
2026-09-25,banco_bisa,9.9,183,1
2026-09-25,banco_bisa,10.0,40,1
2026-09-25,banco_bisa,10.1,2680,2
2026-09-25,banco_bisa,11.5,100000,1
2026-09-25,banco_bisa,11.9,87061,3
2026-09-25,banco_bisa,11.95,49760,1
2026-09-25,banco_bisa,12.0,2165967,13
2026-09-25,banco_bisa,12.02,98130,41
2026-09-25,banco_bisa,12.03,200000,1
2026-09-25,banco_bisa,12.15,40899,140
2026-09-25,banco_de_credito,10.52,12230,2
2026-09-25,banco_de_credito,11.25,0,1
2026-09-25,banco_de_credito,11.5512,3,1
2026-09-25,banco_de_credito,11.56,1095,5
2026-09-25,banco_de_credito,11.6,2963,1
2026-09-25,banco_de_credito,11.62,104058,25
2026-09-25,banco_de_credito,11.7493,4,1
2026-09-25,banco_de_credito,11.7512,7,1
2026-09-25,banco_de_credito,11.7558,13,1
2026-09-25,banco_de_credito,11.7567,15,1
2026-09-25,banco_de_credito,11.7568,1,1
2026-09-25,banco_de_credito,11.7578,34,2
2026-09-25,banco_de_credito,11.7585,9,1
2026-09-25,banco_de_credito,11.7589,10,1
2026-09-25,banco_de_credito,11.7595,68,1
2026-09-25,banco_de_credito,11.7599,663,2
2026-09-25,banco_de_credito,11.76,93058,61
2026-09-25,banco_de_credito,11.7601,1443,6
2026-09-25,banco_de_credito,11.7602,41,2
2026-09-25,banco_de_credito,11.7605,14,1
2026-09-25,banco_de_credito,11.7606,85,1
2026-09-25,banco_de_credito,11.7607,18,1
2026-09-25,banco_de_credito,11.7608,30,1
2026-09-25,banco_de_credito,11.7611,32,1
2026-09-25,banco_de_credito,11.7647,74,12
2026-09-25,banco_de_credito,11.7674,0,1
2026-09-25,banco_de_credito,11.9,21718,2
2026-09-25,banco_de_credito,11.92,3585,1
2026-09-25,banco_de_credito,12.0,1208566,457
2026-09-25,banco_de_credito,12.1,199950,1
2026-09-25,banco_de_credito,12.2,609582,308
2026-09-25,banco_de_credito,12.22,318524,3
2026-09-25,banco_de_credito,12.32,7840,1
2026-09-25,banco_de_credito,12.66,3000,1
2026-09-25,banco_de_credito,12.7,1029,1
2026-09-25,banco_de_credito,12.86,1490,1
2026-09-25,banco_de_credito,13.97,804,1
2026-09-25,banco_economico,11.6,3006,10
2026-09-25,banco_fie,11.72,1148,9
2026-09-25,banco_fie,11.76,13050,5
2026-09-25,banco_fortaleza,11.5,168,2
2026-09-25,banco_fortaleza,11.8,119480,3
2026-09-25,banco_fortaleza,12.12,2436,3
2026-09-25,banco_fortaleza,12.37,309641,1
2026-09-25,banco_fortaleza,12.5,500000,1
2026-09-25,banco_ganadero,8.1,4782,1
2026-09-25,banco_ganadero,8.2,62239,1
2026-09-25,banco_ganadero,9.5,213,12
2026-09-25,banco_ganadero,9.83,72,1
2026-09-25,banco_ganadero,10.01,95,1
2026-09-25,banco_ganadero,10.15,570,1
2026-09-25,banco_ganadero,11.0,2051,1
2026-09-25,banco_ganadero,11.25,1744,4
2026-09-25,banco_ganadero,11.53,2280,1
2026-09-25,banco_ganadero,11.55,41920,1
2026-09-25,banco_ganadero,11.86,9000,1
2026-09-25,banco_ganadero,12.04,416,4
2026-09-25,banco_ganadero,12.05,809363,3
2026-09-25,banco_ganadero,12.1,5084,12
2026-09-25,banco_ganadero,12.15,1114982,1
2026-09-25,banco_ganadero,12.2,82575,26
2026-09-25,banco_ganadero,12.22,1594114,57
2026-09-25,banco_ganadero,12.24,18935,1
2026-09-25,banco_ganadero,12.26,483982,47
2026-09-25,banco_ganadero,12.3,1000000,1
2026-09-25,banco_ganadero,12.32,74,9
2026-09-25,banco_ganadero,12.35,1999982,1
2026-09-25,banco_ganadero,12.64,396,1
2026-09-25,banco_mercantil_santa_cruz,11.97,1598024,163
2026-09-25,banco_mercantil_santa_cruz,11.98,115860,1
2026-09-25,banco_mercantil_santa_cruz,12.0,1543555,4
2026-09-25,banco_mercantil_santa_cruz,12.01,1678470,69
2026-09-25,banco_mercantil_santa_cruz,12.22,7344,1
2026-09-25,banco_mercantil_santa_cruz,12.36,235248,1
2026-09-25,banco_nacional_de_bolivia,11.09,20675,1
2026-09-25,banco_nacional_de_bolivia,11.22,223815,173
2026-09-25,banco_nacional_de_bolivia,11.225,0,1
2026-09-25,banco_nacional_de_bolivia,11.92,8243,29
2026-09-25,banco_nacional_de_bolivia,11.96,1078548,82
2026-09-25,banco_nacional_de_bolivia,12.0,79635,3
2026-09-25,banco_nacional_de_bolivia,12.05,149975,1
2026-09-25,banco_nacional_de_bolivia,12.07,466119,1
2026-09-25,banco_nacional_de_bolivia,12.15,632336,3
2026-09-25,banco_nacional_de_bolivia,12.16,50000,1
2026-09-25,banco_nacional_de_bolivia,12.2,205280,1
2026-09-25,banco_nacional_de_bolivia,12.21,1008,20
2026-09-25,banco_nacional_de_bolivia,12.218,7300,1
2026-09-25,banco_nacional_de_bolivia,12.25,436,12
2026-09-25,banco_nacional_de_bolivia,12.258,120000,1
2026-09-25,banco_nacional_de_bolivia,12.26,17,13
2026-09-25,banco_prodem,11.92,20675,27
2026-09-25,banco_pyme_de_la_comunidad,11.82,51653,5
2026-09-25,banco_pyme_ecofuturo,11.82,35,1
2026-09-25,banco_pyme_ecofuturo,12.28,100000,1
2026-09-25,banco_solidario,11.0,7374,35
2026-09-25,banco_solidario,11.03,4532,4
2026-09-25,banco_solidario,12.22,31950,1
2026-09-25,banco_union,11.22,176979,57
2026-09-28,banco_bisa,10.1,1033,1
2026-09-28,banco_bisa,11.75,130957,56
2026-09-28,banco_bisa,11.8,2120801,58
2026-09-28,banco_bisa,11.85,4793,5
2026-09-28,banco_bisa,11.9,108530,5
2026-09-28,banco_bisa,11.95,1344838,7
2026-09-28,banco_bisa,11.96,820000,2
2026-09-28,banco_bisa,11.975,34970,1
2026-09-28,banco_bisa,11.98,304965,3
2026-09-28,banco_bisa,12.0,1097085,17
2026-09-28,banco_bisa,12.02,101966,1
2026-09-28,banco_bisa,12.03,500000,1
2026-09-28,banco_bisa,12.05,1103466,4
2026-09-28,banco_bisa,12.06,2000000,1
2026-09-28,banco_bisa,12.15,133965,1
2026-09-28,banco_de_credito,10.52,2155,1
2026-09-28,banco_de_credito,11.45,53627,10
2026-09-28,banco_de_credito,11.5,46166,311
2026-09-28,banco_de_credito,11.5385,1,1
2026-09-28,banco_de_credito,11.55,1800,1
2026-09-28,banco_de_credito,11.5789,1,1
2026-09-28,banco_de_credito,11.5934,2,1
2026-09-28,banco_de_credito,11.6,7120,1
2026-09-28,banco_de_credito,11.6071,4,2
2026-09-28,banco_de_credito,11.6111,0,1
2026-09-28,banco_de_credito,11.6162,4,1
2026-09-28,banco_de_credito,11.6167,10,1
2026-09-28,banco_de_credito,11.6178,9,1
2026-09-28,banco_de_credito,11.6183,27,1
2026-09-28,banco_de_credito,11.6187,3,1
2026-09-28,banco_de_credito,11.6189,116,5
2026-09-28,banco_de_credito,11.6195,75,2
2026-09-28,banco_de_credito,11.6196,56,1
2026-09-28,banco_de_credito,11.6197,346,2
2026-09-28,banco_de_credito,11.6198,729,5
2026-09-28,banco_de_credito,11.6199,263,1
2026-09-28,banco_de_credito,11.62,120544,77
2026-09-28,banco_de_credito,11.6201,1054,6
2026-09-28,banco_de_credito,11.6202,444,2
2026-09-28,banco_de_credito,11.6204,8,1
2026-09-28,banco_de_credito,11.6205,95,1
2026-09-28,banco_de_credito,11.6212,52,2
2026-09-28,banco_de_credito,11.6215,36,1
2026-09-28,banco_de_credito,11.6226,13,1
2026-09-28,banco_de_credito,11.623,1,1
2026-09-28,banco_de_credito,11.6245,11,1
2026-09-28,banco_de_credito,11.6279,23,9
2026-09-28,banco_de_credito,11.6327,4,1
2026-09-28,banco_de_credito,11.65,50450,2
2026-09-28,banco_de_credito,11.6505,2,2
2026-09-28,banco_de_credito,11.6667,0,1
2026-09-28,banco_de_credito,11.6883,2,2
2026-09-28,banco_de_credito,11.76,100,1
2026-09-28,banco_de_credito,11.7647,6,1
2026-09-28,banco_de_credito,11.8,134543,5
2026-09-28,banco_de_credito,11.85,44520,1
2026-09-28,banco_de_credito,11.86,19280,5
2026-09-28,banco_de_credito,11.9,353470,3
2026-09-28,banco_de_credito,12.0,506765,2
2026-09-28,banco_de_credito,12.05,455951,5
2026-09-28,banco_de_credito,12.1,271513,2
2026-09-28,banco_de_credito,12.2,14472,301
2026-09-28,banco_de_credito,12.86,5368,1
2026-09-28,banco_de_la_nacion_argentina,11.75,3944,32
2026-09-28,banco_de_la_nacion_argentina,11.76,0,1
2026-09-28,banco_de_la_nacion_argentina,12.0,70000,2
2026-09-28,banco_economico,11.45,65458,55
2026-09-28,banco_economico,12.0,2050000,2
2026-09-28,banco_economico,12.05,500000,1
2026-09-28,banco_fie,11.45,18019,1
2026-09-28,banco_fie,11.55,10999,17
2026-09-28,banco_fortaleza,11.0,21,2
2026-09-28,banco_fortaleza,11.95,18025,4
2026-09-28,banco_fortaleza,12.05,100,3
2026-09-28,banco_fortaleza,12.15,270000,1
2026-09-28,banco_ganadero,8.1,8902,1
2026-09-28,banco_ganadero,8.2,41312,1
2026-09-28,banco_ganadero,9.5,89711,115
2026-09-28,banco_ganadero,9.83,395,1
2026-09-28,banco_ganadero,11.0,58200,1
2026-09-28,banco_ganadero,11.25,209,3
2026-09-28,banco_ganadero,11.95,393420,2
2026-09-28,banco_ganadero,11.96,699295,2
2026-09-28,banco_ganadero,12.0,503878,4
2026-09-28,banco_ganadero,12.01,273865,1
2026-09-28,banco_ganadero,12.02,999982,1
2026-09-28,banco_ganadero,12.03,107131,23
2026-09-28,banco_ganadero,12.04,415,1
2026-09-28,banco_ganadero,12.05,3625014,88
2026-09-28,banco_ganadero,12.1,1349,5
2026-09-28,banco_ganadero,12.15,70105,5
2026-09-28,banco_ganadero,12.2,8513,1
2026-09-28,banco_ganadero,12.22,320476,17
2026-09-28,banco_ganadero,12.26,249,4
2026-09-28,banco_ganadero,12.42,213,2
2026-09-28,banco_mercantil_santa_cruz,11.05,747463,280
2026-09-28,banco_mercantil_santa_cruz,11.5,13000,1
2026-09-28,banco_mercantil_santa_cruz,12.0,1663925,3
2026-09-28,banco_mercantil_santa_cruz,12.05,503852,7
2026-09-28,banco_mercantil_santa_cruz,12.15,136500,3
2026-09-28,banco_nacional_de_bolivia,11.05,274253,244
2026-09-28,banco_nacional_de_bolivia,11.22,22698,71
2026-09-28,banco_nacional_de_bolivia,11.5,89975,1
2026-09-28,banco_nacional_de_bolivia,11.55,37661,1
2026-09-28,banco_nacional_de_bolivia,11.9,194931,5
2026-09-28,banco_nacional_de_bolivia,11.95,74365,2
2026-09-28,banco_nacional_de_bolivia,12.04,2306,32
2026-09-28,banco_nacional_de_bolivia,12.07,1000000,1
2026-09-28,banco_nacional_de_bolivia,12.1,593653,2
2026-09-28,banco_nacional_de_bolivia,12.15,136576,1
2026-09-28,banco_nacional_de_bolivia,12.21,293,10
2026-09-28,banco_nacional_de_bolivia,12.22,55,16
2026-09-28,banco_prodem,11.75,11293,12
2026-09-28,banco_pyme_de_la_comunidad,11.65,2434,5
2026-09-28,banco_pyme_de_la_comunidad,12.05,20000,1
2026-09-28,banco_pyme_ecofuturo,11.65,405,1
2026-09-28,banco_solidario,10.85,23466,68
2026-09-28,banco_solidario,11.0,45,7
2026-09-28,banco_solidario,11.91,9833,5
2026-09-28,banco_solidario,11.95,267004,14
2026-09-28,banco_solidario,12.0,88715,1
2026-09-28,banco_solidario,12.05,121631,4
2026-09-28,banco_solidario,12.1,5505,1
2026-09-28,banco_solidario,12.13,164536,2
2026-09-28,banco_solidario,12.33,1473575,2
2026-09-28,banco_solidario,12.351,95,1
2026-09-28,banco_solidario,12.4,227061,1
2026-09-28,banco_solidario,12.4182,399905,1
2026-09-28,banco_union,11.05,24249,25
